Fund,Fund Manager,Category,Mar-24,Apr-24,May-24,Jun-24,Jul-24,Aug-24,Sep-24,Oct-24,Nov-24,Dec-24,classification
360 ONE Balanced Hybrid Fund Reg(G),Mayur Patel,HY-EQ,0.61,3.19,2.6,4.3,2.26,0.54,0.98,-1.8,0.48,-0.09,Hybrid : Equity Oriented
360 ONE Dynamic Bond Fund Reg(G),Milan Mody,DT-DYN,0.65,-0.05,0.97,0.66,1.06,1.14,1.2,0.45,0.24,0.53,Debt : Dynamic Bond
360 ONE ELSS Tax Saver Nifty 50 Index Fund Reg(G),Parijat Garg,EQ-ELSS,1.51,1.2,-0.02,6.66,3.92,1.31,2.27,-6.12,-0.3,-2.04,Equity : Tax Saving (ELSS)
360 ONE Flexicap Fund Reg(G),Mayur Patel,EQ-FLEX,0.61,6.66,4.16,8.27,3.99,1.27,2.16,-5.26,0.47,-0.92,Equity : Flexi Cap
360 ONE Focused Equity Fund Reg(G),Mayur Patel,EQ-MLC,0.76,5.48,1.66,6.75,4.97,0.6,0.32,-6.12,0.06,-2.98,Equity : Multi Cap
360 ONE Liquid Fund Reg(G),Milan Mody,DT-LIQ,0.62,0.6,0.59,0.56,0.59,0.55,0.59,0.57,0.53,0.59,Debt : Liquid
360 ONE Quant Fund Reg(G),Parijat Garg,EQ-THEM,2.22,3.54,3.12,6.13,7.07,2.15,0.39,-9.2,0.15,-1.57,Equity : Thematic
Aditya Birla SL Active Debt Multi Mgr FoF(G),Kaustubh Gupta,FOF-DOM,0.67,0.19,0.88,0.65,0.77,0.79,1.35,-0.12,0.67,0.16,FoFs : Domestic
Aditya Birla SL Arbitrage Fund(G),Lovelish Solanki,HY-ARB,0.63,0.66,0.55,0.65,0.58,0.52,0.52,0.64,0.5,0.61,Hybrid : Arbitrage
Aditya Birla SL Asset Allocator FoF(G),Vinod Narayan Bhat,FOF-DOM,0.21,4.36,0.56,4.92,3.71,0.41,1.91,-3.42,-0.34,-0.09,FoFs : Domestic
Aditya Birla SL Bal Bhavishya Yojna Reg(G),Chanchal Khandelwal,HY-SOL,0.7,4.63,0.33,6.46,4.67,1.19,1.71,-5.87,-0.56,-0.72,Hybrid : Solution Oriented
Aditya Birla SL Balanced Advantage Fund(G),Harish krishnan,HY-DYN,0.93,2.38,0.95,4.32,3.08,1.21,1.93,-3.51,0.03,-0.7,Hybrid : Dynamic Asset Allocation
Aditya Birla SL Banking & Financial Services Fund Reg(G),Dhaval Gala,EQ-FIN,0.32,6.28,-2.63,8.23,0.18,0.6,4.12,-4.23,-0.21,-2.63,Equity : Sectoral - Financial Services
Aditya Birla SL Banking & PSU Debt(G),Kaustubh Gupta,DT-B&PSU,0.64,0.25,0.85,0.6,0.83,0.69,0.87,0.51,0.48,0.54,Debt : Banking & PSU
Aditya Birla SL BSE Sensex ETF,Priya Sridhar,EQ-ETF,1.58,1.12,-0.33,7.06,3.51,0.95,2.34,-5.7,0.56,-2.1,Equity : ETFs
Aditya Birla SL Business Cycle Fund Reg(G),Harish krishnan,EQ-THEM,0.23,2.69,0.75,8.69,4.78,0.65,2.98,-5.48,-0.53,-0.54,Equity : Thematic
Aditya Birla SL Corp Bond Fund(G),Kaustubh Gupta,DT-CORP,0.72,0.21,0.96,0.64,0.89,0.75,0.99,0.48,0.57,0.53,Debt : Corporate Bond
Aditya Birla SL Credit Risk Fund Reg(G),Sunaina da Cunha,DT-CR,0.74,0.27,0.86,1.26,0.84,0.86,1.2,3.13,0.53,0.4,Debt : Credit Risk
Aditya Birla SL CRISIL 10 Year Gilt ETF,Bhupesh Bameta,DT-ETF,-,-,-,-,-,-,1.33,-0.05,0.93,0.44,Debt : ETFs
Aditya Birla SL CRISIL Broad Based Gilt ETF,Kaustubh Gupta,DT-ETF,-,-,-,-,-,0.98,1.37,-0.1,0.64,0.48,Debt : ETFs
Aditya Birla SL CRISIL IBX 50:50 Gilt Plus SDL Apr 2028 Index Fund Reg(G),Mohit Sharma,DT-M&LD,0.6,0.21,0.94,0.74,1.02,0.73,0.87,0.39,0.52,0.5,Debt : Medium to Long Duration
Aditya Birla SL CRISIL IBX 60:40 SDL + AAA PSU   Apr 2025 Index Fund Reg(G),Mohit Sharma,DT-MD,0.62,0.56,0.6,0.6,0.65,0.54,0.63,0.56,0.52,0.55,Debt : Medium Duration
Aditya Birla SL CRISIL IBX 60:40 SDL + AAA PSU   Apr 2027 Index Fund Reg(G),Mohit Sharma,DT-M&LD,0.59,0.41,0.79,0.66,0.84,0.63,0.7,0.59,0.47,0.52,Debt : Medium to Long Duration
Aditya Birla SL CRISIL IBX 60:40 SDL + AAA PSU Apr 2026 Index Fund Reg(G),Bhupesh Bameta,DT-B&PSU,0.61,0.44,0.71,0.62,0.73,0.6,0.62,0.61,0.46,0.53,Debt : Banking & PSU
Aditya Birla SL CRISIL IBX Gilt   April 2026 Index Fund Reg(G),Bhupesh Bameta,DT-MD,0.53,0.36,0.74,0.67,0.77,0.58,0.69,0.48,0.46,0.57,Debt : Medium Duration
Aditya Birla SL CRISIL IBX Gilt Apr 2028 Index Fund Reg(G),Bhupesh Bameta,DT-M&LD,0.54,0.11,0.95,0.72,0.89,0.67,0.8,0.32,0.45,0.51,Debt : Medium to Long Duration
Aditya Birla SL CRISIL IBX Gilt Apr 2029 Index Fund Reg(G),Harshil Suvarnkar,DT-GILT,0.68,0,1.11,0.7,1.23,0.74,0.96,0.14,0.75,0.48,Debt : Gilt
Aditya Birla SL CRISIL IBX Gilt April 2033 Index Fund Reg(G),Bhupesh Bameta,DT-LD,0.69,-0.23,1.43,0.55,1.15,0.92,1.45,-0.1,0.73,0.51,Debt : Long Duration
Aditya Birla SL CRISIL IBX Gilt June 2027 Index Fund Reg(G),Bhupesh Bameta,DT-GILT,-,-,-,-,0.9,0.69,0.73,0.32,0.62,0.44,Debt : Gilt
Aditya Birla SL CRISIL IBX SDL Jun 2032 Index Fund Reg(G),Bhupesh Bameta,DT-LD,0.68,-0.09,1.22,0.61,0.91,1.12,1.1,0.37,0.37,0.66,Debt : Long Duration
Aditya Birla SL CRISIL Liquid Overnight ETF,Sanjay Pawar,DT-ON,0.54,0.52,0.53,0.49,0.49,0.49,0.5,0.5,0.46,0.56,Debt : Overnight
Aditya Birla SL CRISIL IBX AAA Financial Services Index Sep 2027 Fund Reg(G),Harshil Suvarnkar,DT-M&LD,-,-,-,-,-,-,-,-,-,0.58,Debt : Medium to Long Duration
Aditya Birla SL CRISIL IBX AAA NBFC HFC Index Dec 2025 Fund Reg(G),Sanjay Godambe,DT-SD,-,-,-,-,-,-,-,-,0.5,0.6,Debt : Short Duration
Aditya Birla SL CRISIL IBX AAA NBFC HFC Index Sep 2026 Fund Reg(G),Harshil Suvarnkar,DT-SD,-,-,-,-,-,-,-,-,0.45,0.63,Debt : Short Duration
Aditya Birla SL Digital India Fund(G),Kunal Sangoi,EQ-TECH,-5.47,-2.9,-1.4,9.83,10.92,3.5,-0.9,-4.24,5.13,-0.24,Equity : Sectoral - Technology
Aditya Birla SL Dividend Yield Fund(G),Dhaval Gala,EQ-DIV,-2.63,5.82,0.3,6.47,7.18,1.84,1.74,-6.19,-1.03,-1.92,Equity : Thematic - Dividend Yield
Aditya Birla SL Dynamic Bond Fund Reg(G),Mohit Sharma,DT-DYN,0.71,-0.49,1.59,0.7,0.85,1.02,1.48,-0.04,0.42,0.56,Debt : Dynamic Bond
Aditya Birla SL ELSS Tax Saver Fund(G),Dhaval Shah,EQ-ELSS,0.83,3.96,1.75,7.2,4.23,0.98,2.46,-6.5,-0.58,-1.71,Equity : Tax Saving (ELSS)
Aditya Birla SL Equity Advantage Fund(G),Vishal Gajwani,EQ-L&M,0.68,4.94,1.2,7.27,4.25,1.33,1.98,-7.27,0.17,-0.32,Equity : Large & Mid Cap
Aditya Birla SL Equity Hybrid 95 Fund(G),Chanchal Khandelwal,HY-EQ,1.05,2.57,1.55,6.02,3.18,0.91,2.17,-4.5,0.38,-1.06,Hybrid : Equity Oriented
Aditya Birla SL Equity Savings Fund Reg(G),Lovelish Solanki,HY-EQ,1.13,0.96,0.6,1.6,1.37,0.53,1.2,-1.0,0.48,0.24,Hybrid : Equity Oriented
Aditya Birla SL ESG Integration Strategy Fund Reg(G),Chanchal Khandelwal,EQ-THEM,-0.95,2.04,2.54,8.6,5.1,1.88,4.99,-6.3,1.54,-0.5,Equity : Thematic
Aditya Birla SL Financial Planning FOF Aggressive Plan(G),Vinod Narayan Bhat,FOF-DOM,0.34,3.96,0.96,5.94,4.2,0.95,1.95,-4.63,-0.18,-0.51,FoFs : Domestic
Aditya Birla SL Financial Planning FOF Conservative Plan(G),Vinod Narayan Bhat,FOF-DOM,0.52,2.1,0.69,3.15,2.48,0.81,1.55,-2.12,-0.12,0.14,FoFs : Domestic
Aditya Birla SL Financial Planning FOF Moderate Plan(G),Vinod Narayan Bhat,FOF-DOM,0.42,2.98,0.81,4.58,3.38,0.86,1.8,-3.39,-0.17,-0.23,FoFs : Domestic
Aditya Birla SL Flexi Cap Fund(G),Harish krishnan,EQ-FLEX,1.02,3.45,0.09,7.6,4.59,2.18,3.19,-5.89,-0.4,-1.1,Equity : Flexi Cap
Aditya Birla SL Floating Rate Fund(G),Kaustubh Gupta,DT-FL,0.8,0.62,0.61,0.61,0.74,0.56,0.63,0.77,0.5,0.59,Debt : Floater
Aditya Birla SL Focused Fund(G),Kunal Sangoi,EQ-LC,0.28,3.03,-0.55,7.78,4.73,1.6,3.13,-5.82,-0.26,-1.42,Equity : Large Cap
Aditya Birla SL Frontline Equity Fund(G),Mahesh Patil,EQ-LC,1.45,2.08,0.85,7.34,4.66,1.34,2.49,-6.14,-0.25,-1.63,Equity : Large Cap
Aditya Birla SL G Sec Fund(G),Bhupesh Bameta,DT-GILT,0.83,-0.8,1.81,0.83,0.82,0.97,1.54,-0.29,0.31,0.39,Debt : Gilt
Aditya Birla SL Global Emerging Opp Fund(G),Dhaval Joshi,FOF-OVR,2.82,-4.3,4.35,3.83,-1.75,2.54,0.48,-0.97,4.48,-1.45,FoFs : Overseas
Aditya Birla SL Global Excellence Equity FoF(G),Dhaval Joshi,FOF-OVR,2.59,-4.28,5.33,4.64,-1.37,3,0.3,-2.59,3.43,-1.24,FoFs : Overseas
Aditya Birla SL Gold ETF,Sachin Wankhede,GOLD-ETF,7.8,6.6,0.77,-0.81,-3.49,3.69,4.57,5.36,-3.49,-0.67,Gold : ETFs
Aditya Birla SL Gold Fund(G),Priya Sridhar,GOLD-MF,7.09,8.04,0.07,-0.71,-3.07,3.34,4.72,4.83,-3.46,-0.51,Gold : MFs
Aditya Birla SL Income Fund(G),Bhupesh Bameta,DT-M&LD,0.71,-0.41,1.43,0.75,0.82,0.87,1.27,0.12,0.35,0.55,Debt : Medium to Long Duration
Aditya Birla SL India GenNext Fund(G),Chanchal Khandelwal,EQ-CONS,1.7,3.99,-0.08,8.12,5.45,3.1,4.23,-8.63,-0.28,-0.89,Equity : Thematic - Consumption
Aditya Birla SL Infrastructure Fund(G),Mahesh Patil,EQ-INFRA,1.43,7.13,4.6,4.68,4,-2.01,1.94,-5.3,-0.85,-1.58,Equity : Sectoral - Infrastructure
Aditya Birla SL Intl. Equity Fund(G),Dhaval Joshi,EQ-INTL,3.38,-4.34,2.76,-1.51,4.38,4.83,1.77,-4.15,2.76,-2.46,Equity : International
Aditya Birla SL Liquid Fund(G),Kaustubh Gupta,DT-LIQ,0.65,0.62,0.6,0.57,0.61,0.58,0.58,0.59,0.56,0.58,Debt : Liquid
Aditya Birla SL Long Duration Fund Reg(G),Harshil Suvarnkar,DT-LD,0.86,-0.81,1.87,0.92,0.77,1.2,1.67,-0.07,0.19,0.57,Debt : Long Duration
Aditya Birla SL Low Duration Fund(G),Kaustubh Gupta,DT-LOWD,0.69,0.53,0.58,0.57,0.63,0.5,0.61,0.64,0.47,0.56,Debt : Low Duration
Aditya Birla SL Medium Term Plan Reg(G),Sunaina da Cunha,DT-MD,0.63,0.12,1,1.02,0.93,0.77,1.14,1.98,0.53,0.5,Debt : Medium Duration
Aditya Birla SL Mfg. Equity Fund Reg(G),Harish krishnan,EQ-CONS,1.8,7.34,1.65,6.97,5.06,0.69,4.48,-5.69,-1.15,-0.95,Equity : Thematic - Consumption
Aditya Birla SL Midcap Fund(G),Vishal Gajwani,EQ-MID,-0.07,7.87,0.64,9.01,5.34,0.79,4.91,-6.22,-1.79,-0.39,Equity : Mid Cap
Aditya Birla SL MNC Fund Reg(G),Chanchal Khandelwal,EQ-MNC,-0.71,5.56,5.31,7.96,3.44,-1.07,3.74,-5.1,-1.59,-1.74,Equity : Thematic - MNC
Aditya Birla SL Money Manager Fund(G),Kaustubh Gupta,DT-MM,0.77,0.6,0.61,0.6,0.65,0.56,0.66,0.62,0.56,0.61,Debt : Money Market
Aditya Birla SL Multi Asset Allocation Fund Reg(G),Dhaval Gala,HY-MULTI,1.53,3.49,1.58,4.52,2.41,1,3.15,-3.23,-0.37,-0.22,Hybrid : Multi Asset Allocation
Aditya Birla SL Multi Cap Fund Reg(G),Abhinav Khandelwal,EQ-MLC,0.85,4.39,1.85,7.7,3.31,1.42,3.56,-5.67,0.31,-0.36,Equity : Multi Cap
Aditya Birla SL Multi Index FoF Reg(G),Vinod Narayan Bhat,FOF-DOM,0.21,5.53,1.83,4.43,3.64,0.86,0.73,-3.99,0.32,-0.5,FoFs : Domestic
Aditya Birla SL NASDAQ 100 FOF Reg(G),Dhaval Joshi,FOF-OVR,2.37,-3.32,3.55,8.65,-2.27,0.36,2.99,0.11,5.41,3.0,FoFs : Overseas
Aditya Birla SL Nifty 200 Momentum 30 ETF,Priya Sridhar,EQ-ETF,2.73,5.8,4.88,3.42,4.94,0.48,1.29,-8.15,-0.73,-4.27,Equity : ETFs
Aditya Birla SL Nifty 200 Quality 30 ETF,Priya Sridhar,EQ-ETF,-0.34,0.84,3.96,6.54,7.75,2.58,2.31,-8.56,-0.06,-2.25,Equity : ETFs
Aditya Birla SL Nifty 50 Equal Weight Index Fund Reg(G),Priya Sridhar,EQ-INDX,1.43,0.97,0.22,6.26,5.56,1.81,2.6,-8.08,-2.44,-1.95,Equity : Index Funds
Aditya Birla SL Nifty 50 ETF,Priya Sridhar,EQ-ETF,1.56,1.24,0.02,6.74,3.98,1.35,2.27,-6.12,-0.26,-2.02,Equity : ETFs
Aditya Birla SL Nifty 50 Index Fund Reg(G),Priya Sridhar,EQ-INDX,1.52,1.2,-0.01,6.69,3.94,1.32,2.23,-6.15,-0.29,-2.06,Equity : Index Funds
Aditya Birla SL Nifty Bank ETF,Priya Sridhar,EQ-ETF,2.15,4.81,-0.32,6.91,-1.48,-0.17,3.14,-2.84,1.12,-2.32,Equity : ETFs
Aditya Birla SL Nifty Healthcare ETF,Priya Sridhar,EQ-ETF,0.89,-0.71,-1.51,6.61,9.51,5.63,1.68,-2.22,-2.09,5.81,Equity : ETFs
Aditya Birla SL Nifty India Defence Index Fund Reg(G),Priya Sridhar,EQ-INDX,-,-,-,-,-,-,-4.48,-4.72,5.5,-3.43,Equity : Index Funds
Aditya Birla SL Nifty IT ETF,Priya Sridhar,EQ-ETF,-7.6,-4.91,-1.6,11.62,13.09,4.69,-1.95,-3.13,6.73,0.42,Equity : ETFs
Aditya Birla SL Nifty Midcap 150 Index Fund Reg(G),Priya Sridhar,EQ-INDX,-0.45,6.22,2.22,7.86,4.96,0.29,1.68,-6.49,0.16,1.02,Equity : Index Funds
Aditya Birla SL Nifty Next 50 ETF,Priya Sridhar,EQ-ETF,2.9,7.1,4.1,5.98,4.64,0.78,2.33,-9.29,1.23,-3.67,Equity : ETFs
Aditya Birla SL Nifty Next 50 Index Fund Reg(G),Priya Sridhar,EQ-INDX,2.79,6.84,4.02,5.89,4.56,0.69,2.28,-9.37,1.19,-4.07,Equity : Index Funds
Aditya Birla SL Nifty PSE ETF,Priya Sridhar,EQ-ETF,-,-,-,1.69,9.35,-1.17,-1.76,-9.74,-0.26,-5.82,Equity : ETFs
Aditya Birla SL Nifty SDL Apr 2027 Index Fund Reg(G),Bhupesh Bameta,DT-M&LD,0.53,0.44,0.8,0.73,0.83,0.69,0.71,0.56,0.43,0.49,Debt : Medium to Long Duration
Aditya Birla SL Nifty SDL Plus PSU Bond Sep 2026 60:40 Index Fund Reg(G),Mohit Sharma,DT-M&LD,0.6,0.46,0.72,0.65,0.77,0.64,0.68,0.63,0.46,0.52,Debt : Medium to Long Duration
Aditya Birla SL Nifty SDL Sep 2025 Index Fund Reg(G),Bhupesh Bameta,DT-MD,0.52,0.52,0.64,0.66,0.72,0.59,0.65,0.51,0.47,0.53,Debt : Medium Duration
Aditya Birla SL Nifty SDL Sep 2027 Index Fund Reg(G),Harshil Suvarnkar,DT-MD,0.54,0.41,0.88,0.81,0.94,0.71,0.74,0.46,0.47,0.49,Debt : Medium Duration
Aditya Birla SL Nifty Smallcap 50 Index Fund Reg(G),Priya Sridhar,EQ-INDX,-4.67,11.73,-1.75,10.92,4.45,2.55,0.19,-2.49,0.13,-0.63,Equity : Index Funds
Aditya Birla SL Overnight Fund Reg(G),Kaustubh Gupta,DT-ON,0.56,0.53,0.55,0.53,0.53,0.53,0.52,0.53,0.52,0.55,Debt : Overnight
Aditya Birla SL Pharma & Healthcare Fund Reg(G),Dhaval Shah,EQ-PHRM,-0.19,-0.91,-0.04,3.32,11.12,6.05,1.44,-2.81,-1.91,3.92,Equity : Sectoral - Pharma
Aditya Birla SL PSU Equity Fund Reg(G),Dhaval Gala,EQ-THEM,-0.63,8.88,0.81,1.78,6.08,-2.43,-1.04,-7.65,-0.51,-5.5,Equity : Thematic
Aditya Birla SL Pure Value Fund(G),Kunal Sangoi,EQ-VAL,-1.08,4.8,-2.63,8.38,6.36,2.31,1.18,-5.3,-0.79,-1.26,Equity : Value / Contra
Aditya Birla SL Quant Fund Reg(G),Harish krishnan,EQ-THEM,-,-,-,-,3.6,0.29,2.5,-9.2,-1.86,0.42,Equity : Thematic
Aditya Birla SL Regular Savings Fund(G),Mohit Sharma,HY-DT(CO),0.93,1,1.15,1.87,1.57,0.84,1.6,-0.44,0.54,0.11,Hybrid : Debt Oriented (Conservative)
Aditya Birla SL Retirement Fund 30 Reg(G),Jonas Bhutta,HY-SOL,0.88,4.77,1.53,5.75,4.12,1.69,3.38,-4.97,-0.43,-0.98,Hybrid : Solution Oriented
Aditya Birla SL Retirement Fund 40 Reg(G),Chanchal Khandelwal,HY-SOL,0.25,3.17,1.32,4.61,3.27,1.26,2.76,-3.77,0.39,1.71,Hybrid : Solution Oriented
Aditya Birla SL Retirement Fund 50 Plus Debt Plan Reg(G),Harshil Suvarnkar,HY-SOL,0.47,0.15,0.78,0.47,0.71,0.58,0.72,0.25,0.36,0.44,Hybrid : Solution Oriented
Aditya Birla SL Retirement Fund 50 Reg(G),Mohit Sharma,HY-SOL,0.64,1.02,0.95,1.69,1.61,0.96,1.49,-1.06,0.44,-0.01,Hybrid : Solution Oriented
Aditya Birla SL Savings Fund Reg(G),Kaustubh Gupta,DT-USD,0.74,0.66,0.6,0.58,0.64,0.56,0.64,0.7,0.57,0.67,Debt : Ultra Short Duration
Aditya Birla SL Short Term Fund(G),Kaustubh Gupta,DT-SD,0.69,0.25,0.84,0.58,0.81,0.66,0.87,0.51,0.54,0.59,Debt : Short Duration
Aditya Birla SL Silver ETF,Sachin Wankhede,GOLD-ETF,6.76,7.75,15.08,-4.78,-5.62,2.43,5.28,7.62,-7.32,-3.85,Gold : ETFs
Aditya Birla SL Silver ETF FOF Reg(G),Priya Sridhar,FOF-DOM,5.71,8.46,14.84,-4.93,-4.98,1.87,5.58,7.02,-7.6,-3.47,FoFs : Domestic
Aditya Birla SL Small Cap Fund(G),Abhinav Khandelwal,EQ-SML,-1.99,8.73,0.35,9.7,4.66,-0.91,3.8,-4.08,-0.59,-0.96,Equity : Small Cap
Aditya Birla SL Special Opp Fund Reg(G),Dhaval Gala,EQ-THEM,-0.54,5.18,-0.38,7.77,5.46,1.86,2.81,-6.01,0.25,-0.97,Equity : Thematic
Aditya Birla SL Transportation and Logistics Fund Reg(G),Dhaval Gala,EQ-AUTO,3.66,4.57,2.69,7.85,4.85,1.19,3.0,-12.05,0.29,-2.52,Equity : Sectoral - Auto
Aditya Birla SL US Treasury 1 3 year Bond ETFs FoF Reg(G),Vighnesh Gupta,DT-ETF,0.8,-0.25,0.65,0.56,1.34,1.18,0.73,-0.28,0.86,1.44,Debt : ETFs
Aditya Birla SL US Treasury 3 10 year Bond ETFs FoF Reg(G),Vighnesh Gupta,DT-ETF,1.04,-1.98,1.31,1.22,2.19,1.84,0.9,-2.18,1.2,0.27,Debt : ETFs
Axis Aggressive Hybrid Fund Reg(G),Jayesh Sundar,HY-EQ,1.21,2.11,0.89,6.25,4.48,1.69,2.4,-4.12,0.1,-1.45,Hybrid : Equity Oriented
Axis All Seasons Debt FOFs Reg(G),Devang Shah,FOF-DOM,0.9,-0.49,1.68,0.71,0.92,0.97,1.52,-0.26,0.43,0.49,FoFs : Domestic
Axis Arbitrage Fund Reg(G),Karthik Kumar,HY-ARB,0.65,0.68,0.59,0.62,0.58,0.54,0.5,0.62,0.51,0.6,Hybrid : Arbitrage
Axis Balanced Advantage Fund Reg(G),Jayesh Sundar,HY-DYN,1.34,0.66,2.2,4.73,3.03,1.64,2.11,-2.88,0.64,-0.54,Hybrid : Dynamic Asset Allocation
Axis Banking & PSU Debt Fund Reg(G),Aditya Pagaria,DT-B&PSU,0.67,0.4,0.67,0.49,0.86,0.67,0.76,0.53,0.53,0.52,Debt : Banking & PSU
Axis Bluechip Fund Reg(G),Shreyash Devalkar,EQ-LC,4.05,0.58,-0.65,6.79,2.77,2.2,2.59,-7.57,1.1,-0.78,Equity : Large Cap
Axis BSE Sensex ETF,Karthik Kumar,EQ-ETF,1.56,1.11,-0.34,7.06,3.49,0.94,2.34,-5.7,0.56,-2.08,Equity : ETFs
Axis BSE Sensex Index Fund Reg(G),Karthik Kumar,EQ-INDX,1.53,1.08,-0.41,6.99,3.43,0.9,2.29,-5.73,0.47,-2.14,Equity : Index Funds
Axis Business Cycles Fund Reg(G),Ashish Naik,EQ-THEM,1.07,4.24,1.36,6.43,4.47,0.6,2.27,-5.73,0.93,-0.74,Equity : Thematic
Axis Childrens Fund Compulsory Lock in Reg(G),Jayesh Sundar,HY-SOL,0.97,1.89,1.47,6.27,3.91,1.66,2.63,-3.82,0.41,-0.99,Hybrid : Solution Oriented
Axis Childrens Fund No Lock in Reg(G),Jayesh Sundar,HY-SOL,0.97,1.89,1.47,6.27,3.91,1.66,2.63,-3.82,0.41,-0.99,Hybrid : Solution Oriented
Axis Conservative Hybrid Fund Reg(G),Devang Shah,HY-DT(CO),0.7,-0.1,0.9,2.55,1.55,0.97,1.48,-1.6,0.19,-0.23,Hybrid : Debt Oriented (Conservative)
Axis Consumption Fund Reg(G),Shreyash Devalkar,EQ-CONS,-,-,-,-,-,-,-,-7.35,1.16,0.73,Equity : Thematic - Consumption
Axis Corp Bond Fund Reg(G),Devang Shah,DT-CORP,0.69,0.22,0.87,0.53,0.92,0.74,0.86,0.43,0.59,0.52,Debt : Corporate Bond
Axis Credit Risk Fund Reg(G),Devang Shah,DT-CR,0.77,0.41,0.76,0.59,0.75,0.77,0.79,0.61,0.61,0.49,Debt : Credit Risk
Axis CRISIL IBX 50:50 Gilt Plus SDL June 2028 Index Fund Reg(G),Hardik Shah,DT-M&LD,0.66,0.2,0.95,0.7,1.04,0.76,0.86,0.39,0.51,0.49,Debt : Medium to Long Duration
Axis CRISIL IBX 50:50 Gilt Plus SDL Sep 2027 Index Fund Reg(G),Aditya Pagaria,DT-M&LD,0.56,0.38,0.85,0.74,0.94,0.72,0.73,0.43,0.53,0.44,Debt : Medium to Long Duration
Axis CRISIL IBX 70:30 CPSE Plus SDL April 2025 Index Fund Reg(G),Devang Shah,DT-MD,0.67,0.56,0.63,0.56,0.69,0.54,0.61,0.61,0.56,0.54,Debt : Medium Duration
Axis CRISIL IBX SDL June 2034 Debt Index Fund Reg(G),Hardik Shah,DT-LD,-,-0.2,1.18,0.99,0.9,0.95,1.39,0.36,0.22,0.81,Debt : Long Duration
Axis CRISIL IBX SDL May 2027 Index Fund Reg(G),Hardik Shah,DT-M&LD,0.51,0.49,0.87,0.73,0.99,0.69,0.7,0.57,0.48,0.49,Debt : Medium to Long Duration
Axis CRISIL IBX AAA Bond Financial Services   Sep 2027 Index Fund Reg(G),Aditya Pagaria,DT-M&LD,-,-,-,-,-,-,-,-,-,0.55,Debt : Medium to Long Duration
Axis CRISIL IBX AAA Bond NBFC   Jun 2027 Index Fund Reg(G),Aditya Pagaria,DT-M&LD,-,-,-,-,-,-,-,0.84,0.58,0.58,Debt : Medium to Long Duration
Axis Dynamic Bond Fund Reg(G),Devang Shah,DT-DYN,0.79,0.08,0.93,0.59,0.9,1.01,1.44,-0.13,0.46,0.49,Debt : Dynamic Bond
Axis ELSS Tax Saver Fund Reg(G),Shreyash Devalkar,EQ-ELSS,5.19,1.62,-1.08,7.57,4.45,1.39,3.17,-6.39,-0.06,-0.43,Equity : Tax Saving (ELSS)
Axis Equity ETFs FoF Reg(G),Karthik Kumar,EQ-ETF,0.93,3.91,1.36,6.44,4.32,1.1,1.71,-8.07,-1.08,-2.72,Equity : ETFs
Axis Equity Savings Fund Reg(G),Mayank Hyanki,HY-EQ,0.6,0.65,0.6,2.96,2.2,1.31,1.25,-2.1,0.84,-0.09,Hybrid : Equity Oriented
Axis ESG Integration Strategy Fund Reg(G),Vishal Agarwal,EQ-THEM,2.02,0.88,0.05,6.55,5.37,3.03,2.23,-6.93,0.8,-1.3,Equity : Thematic
Axis Flexi Cap Fund Reg(G),Sachin Relekar,EQ-FLEX,2.47,3.57,1.29,7.19,3.41,1.73,3.55,-5.97,1.2,0.31,Equity : Flexi Cap
Axis Floater Fund Reg(G),Aditya Pagaria,DT-FL,0.84,-0.32,1.64,0.73,0.85,1.14,1.59,-0.19,0.49,0.53,Debt : Floater
Axis Focused Fund Reg(G),Sachin Relekar,EQ-MLC,6,1.02,-1.11,6.26,3.65,2.2,3.73,-6.79,0.21,-0.75,Equity : Multi Cap
Axis Gilt Fund Reg(G),Devang Shah,DT-GILT,0.92,-0.51,1.8,0.75,0.9,1.14,1.61,-0.15,0.45,0.46,Debt : Gilt
Axis Global Equity Alpha FoF Reg(G),Krishnaa N,FOF-OVR,3.91,-3,2.97,3.81,-0.95,2.65,0.52,0.13,3.89,0.28,FoFs : Overseas
Axis Global Innovation FoF Reg(G),Krishnaa N,FOF-OVR,2.75,-3.35,4.76,5.04,-2.52,2.58,1.26,-0.93,3.06,1.83,FoFs : Overseas
Axis Gold ETF,Aditya Pagaria,GOLD-ETF,8.02,6.41,0.49,-0.69,-3.27,3.81,4.47,5.36,-3.42,-0.76,Gold : ETFs
Axis Gold Fund Reg(G),Aditya Pagaria,GOLD-MF,6.91,7.84,0.47,-0.7,-3.32,3.09,4.86,4.9,-3.83,-0.15,Gold : MFs
Axis Greater China Equity FoF Reg(G),Krishnaa N,FOF-OVR,2.52,3.68,1.48,-0.44,-2.93,1.81,16.3,-5.99,-3.12,1.54,FoFs : Overseas
Axis Growth Opp Fund Reg(G),Shreyash Devalkar,EQ-L&M,3.32,2.52,2.11,6.34,4.24,1.77,2.53,-5.6,0.95,0.06,Equity : Large & Mid Cap
Axis India Manufacturing Fund Reg(G),Shreyash Devalkar,EQ-THEM,4.6,4.83,6.66,7.25,3.67,0.76,2.34,-7.73,-0.44,-0.22,Equity : Thematic
Axis Innovation Fund Reg(G),Ashish Naik,EQ-THEM,4.01,3.15,1.74,8.02,2.44,2.32,3.89,-5.2,1.15,-0.11,Equity : Thematic
Axis Liquid Fund Reg(G),Devang Shah,DT-LIQ,0.67,0.61,0.6,0.56,0.6,0.58,0.59,0.59,0.57,0.59,Debt : Liquid
Axis Long Duration Fund Reg(G),Devang Shah,DT-LD,1.1,-1.3,2.48,1.26,0.7,1.09,1.82,-0.5,0.0,0.65,Debt : Long Duration
Axis Midcap Fund Reg(G),Shreyash Devalkar,EQ-MID,1.76,4.98,4.54,8.84,2.97,1.78,2.58,-6.21,0.77,1.5,Equity : Mid Cap
Axis Money Market Fund Reg(G),Devang Shah,DT-MM,0.77,0.6,0.61,0.56,0.7,0.58,0.64,0.62,0.57,0.59,Debt : Money Market
Axis Multi Asset Allocation Fund Reg(G),Ashish Naik,HY-MULTI,1.49,3.29,1.16,4.54,4.33,1.6,1.32,-2.54,-0.39,-0.71,Hybrid : Multi Asset Allocation
Axis Multicap Fund Reg(G),Shreyash Devalkar,EQ-MLC,0.28,3.84,2.76,8.57,4.52,3.17,3.35,-6.0,1.44,1.19,Equity : Multi Cap
Axis NASDAQ 100 FoF Reg(G),Krishnaa N,FOF-OVR,2.33,-3.06,3.23,8.75,-2.21,0.41,2.86,0.17,5.22,3.06,FoFs : Overseas
Axis Nifty 100 Index Fund Reg(G),Karthik Kumar,EQ-INDX,1.8,2.14,0.55,6.39,4.05,1.07,2.26,-6.79,-0.05,-2.3,Equity : Index Funds
Axis NIFTY 50 ETF,Karthik Kumar,EQ-ETF,1.57,1.23,0.02,6.73,3.96,1.35,2.28,-6.12,-0.26,-2.02,Equity : ETFs
Axis Nifty 50 Index Fund Reg(G),Karthik Kumar,EQ-INDX,1.6,1.19,-0.04,6.63,3.93,1.33,2.25,-6.12,-0.3,-2.04,Equity : Index Funds
Axis Nifty 500 Index Fund Reg(G),Karthik Kumar,EQ-INDX,-,-,-,-,-,0.96,2.02,-6.41,-0.06,-1.45,Equity : Index Funds
Axis Nifty AAA Bond Plus SDL Apr 2026 50:50 ETF,Aditya Pagaria,DT-ETF,0.65,0.5,0.68,0.58,0.79,0.61,0.66,0.64,0.53,0.52,Debt : ETFs
Axis Nifty AAA Bond Plus SDL Apr 2026 50:50 ETF FoF Reg(G),Aditya Pagaria,DT-M&LD,0.45,0.59,0.58,0.58,0.82,0.72,0.4,0.81,0.23,0.72,Debt : Medium to Long Duration
Axis NIFTY Bank ETF,Karthik Kumar,EQ-ETF,2.14,4.8,-0.32,6.91,-1.49,-0.18,3.14,-2.85,1.11,-2.27,Equity : ETFs
Axis Nifty Bank Index Fund Reg(G),Karthik Kumar,EQ-INDX,-,-,-,6.76,-1.6,-0.24,3.08,-2.89,1.02,-2.33,Equity : Index Funds
Axis NIFTY Healthcare ETF,Karthik Kumar,EQ-ETF,0.88,-0.73,-1.52,6.6,9.5,5.62,1.67,-2.22,-2.11,5.81,Equity : ETFs
Axis NIFTY India Consumption ETF,Karthik Kumar,EQ-ETF,3.18,2.7,0.66,6.61,6.1,2.44,6.16,-10.5,-0.22,-0.77,Equity : ETFs
Axis NIFTY IT ETF,Karthik Kumar,EQ-ETF,-7.48,-4.87,-1.61,11.61,13.08,4.75,-1.99,-3.13,6.73,0.41,Equity : ETFs
Axis NIFTY IT Index Fund Reg(G),Karthik Kumar,EQ-INDX,-7.45,-4.92,-1.68,11.52,12.97,4.7,-2.05,-3.2,6.67,0.34,Equity : Index Funds
Axis Nifty Midcap 50 Index Fund Reg(G),Karthik Kumar,EQ-INDX,-1.66,4.6,1.9,8.69,6.04,-0.27,1.46,-8.0,0.96,1.67,Equity : Index Funds
Axis Nifty Next 50 Index Fund Reg(G),Karthik Kumar,EQ-INDX,2.85,6.9,4.07,5.68,4.54,0.7,2.27,-9.3,1.15,-3.81,Equity : Index Funds
Axis Nifty SDL Sep 2026 Debt Index Fund Reg(G),Aditya Pagaria,DT-MD,0.6,0.47,0.8,0.7,0.8,0.74,0.68,0.6,0.45,0.47,Debt : Medium Duration
Axis Nifty Smallcap 50 Index Fund Reg(G),Karthik Kumar,EQ-INDX,-4.43,11.72,-1.8,10.84,4.35,2.56,0.05,-2.44,0.03,-0.61,Equity : Index Funds
Axis Nifty500 Value 50 Index Fund Reg(G),Karthik Kumar,EQ-INDX,-,-,-,-,-,-,-,-,-0.7,-5.43,Equity : Index Funds
Axis Overnight Fund Reg(G),Sachin Jain,DT-ON,0.58,0.53,0.55,0.53,0.54,0.54,0.53,0.54,0.52,0.56,Debt : Overnight
Axis Quant Fund Reg(G),Karthik Kumar,EQ-THEM,0.66,2.35,-1.15,6.01,4.7,1.63,1.09,-6.52,-1.7,-0.31,Equity : Thematic
Axis Retirement Fund Aggressive Plan Reg(G),Jayesh Sundar,HY-SOL,2.88,2.24,0.73,5.98,4.1,2.08,2.36,-4.93,0.0,-0.94,Hybrid : Solution Oriented
Axis Retirement Fund Conservative Plan Reg(G),Jayesh Sundar,HY-SOL,1.2,-0.36,0.48,3.04,2.24,1.7,1.67,-2.54,-0.02,-0.24,Hybrid : Solution Oriented
Axis Retirement Fund Dynamic Plan Reg(G),Jayesh Sundar,HY-SOL,2.6,2.42,0.75,6.24,4.85,2.62,2.75,-4.77,0.31,-0.1,Hybrid : Solution Oriented
Axis Short Duration Fund Reg(G),Devang Shah,DT-SD,0.72,0.29,0.8,0.54,0.86,0.69,0.8,0.5,0.63,0.57,Debt : Short Duration
Axis Silver ETF,Aditya Pagaria,GOLD-ETF,5.29,7.34,16.38,-4.97,-4.94,2.77,4.93,7.6,-7.46,-3.71,Gold : ETFs
Axis Silver FoF Reg(G),Aditya Pagaria,GOLD-MF,5.91,8.33,14.22,-4.28,-4.96,1.55,6.13,6.64,-7.24,-3.83,Gold : MFs
Axis Small Cap Fund Reg(G),Tejas Sheth,EQ-SML,-2.73,5.61,1.39,8.1,4.84,1.09,3.84,-4.1,0.76,0.83,Equity : Small Cap
Axis Strategic Bond Fund Reg(G),Devang Shah,DT-MD,0.8,0.18,1.04,0.6,0.84,0.79,0.91,0.43,0.67,0.57,Debt : Medium Duration
Axis Treasury Advantage Fund Reg(G),Devang Shah,DT-LOWD,0.71,0.59,0.61,0.56,0.72,0.59,0.63,0.66,0.56,0.56,Debt : Low Duration
Axis Ultra Short Duration Fund Reg(G),Sachin Jain,DT-USD,0.66,0.58,0.55,0.51,0.63,0.52,0.58,0.59,0.52,0.53,Debt : Ultra Short Duration
Axis Value Fund Reg(G),Nitin Arora,EQ-VAL,0.13,3.36,2.99,7.48,5.98,2.39,1.7,-4.85,0.6,0.11,Equity : Value / Contra
Bajaj Finserv Arbitrage Fund Reg(G),Ilesh Savla,HY-ARB,0.56,0.62,0.54,0.57,0.56,0.5,0.46,0.59,0.48,0.55,Hybrid : Arbitrage
Bajaj Finserv Balanced Advantage Fund Reg(G),Nimesh Chandan,HY-DYN,2.06,1.11,0.47,3.43,1.91,1.34,1.89,-4.98,-0.27,-1.66,Hybrid : Dynamic Asset Allocation
Bajaj Finserv Banking and PSU Fund Reg(G),Siddharth Chaudhary,DT-B&PSU,0.55,0.13,0.89,0.46,0.99,0.72,0.96,0.41,0.48,0.46,Debt : Banking & PSU
Bajaj Finserv Consumption Fund Reg(G),Nimesh Chandan,EQ-CONS,-,-,-,-,-,-,-,-,-,0.21,Equity : Thematic - Consumption
Bajaj Finserv Flexi Cap Fund Reg(G),Nimesh Chandan,EQ-FLEX,0.49,6.45,1.5,8.87,2.47,2.02,3.28,-5.13,0.94,-1.29,Equity : Flexi Cap
Bajaj Finserv Large and Mid Cap Fund Reg(G),Nimesh Chandan,EQ-L&M,1.43,3.91,2.57,7.7,4.06,1.91,1.96,-5.42,0.53,-0.42,Equity : Large & Mid Cap
Bajaj Finserv Large Cap Fund Reg(G),Nimesh Chandan,EQ-LC,-,-,-,-,-,-,2.78,-6.37,0.91,-2.94,Equity : Large Cap
Bajaj Finserv Liquid Fund Reg(G),Siddharth Chaudhary,DT-LIQ,0.64,0.61,0.59,0.56,0.6,0.57,0.58,0.58,0.56,0.57,Debt : Liquid
Bajaj Finserv Money Market Fund Reg(G),Siddharth Chaudhary,DT-MM,0.69,0.56,0.56,0.51,0.64,0.51,0.62,0.59,0.53,0.58,Debt : Money Market
Bajaj Finserv Multi Asset Allocation Fund Reg(G),Nimesh Chandan,HY-MULTI,-,-,-,-,4.52,0.74,1.01,-3.42,-1.16,-1.83,Hybrid : Multi Asset Allocation
Bajaj Finserv Nifty 1D Rate Liquid ETF(G),Siddharth Chaudhary,DT-ETF,-,-,-,0.45,0.54,0.59,0.48,0.52,0.48,0.53,Debt : ETFs
Bajaj Finserv Nifty 50 ETF,Ilesh Savla,EQ-ETF,1.56,1.24,0.02,6.74,3.98,1.37,2.26,-6.12,-0.26,-2.02,Equity : ETFs
Bajaj Finserv Nifty Bank ETF,Ilesh Savla,EQ-ETF,2.17,4.81,-0.32,6.92,-1.48,-0.18,3.19,-2.85,1.12,-2.32,Equity : ETFs
Bajaj Finserv Overnight Fund Reg(G),Siddharth Chaudhary,DT-ON,0.56,0.53,0.55,0.53,0.54,0.54,0.53,0.53,0.52,0.55,Debt : Overnight
Bandhan All Seasons Bond Fund Reg(G),Harshal Joshi,FOF-DOM,0.65,0.25,0.86,0.56,0.89,0.68,0.89,0.41,0.61,0.51,FoFs : Domestic
Bandhan Arbitrage Fund Reg(G),Nemish Sheth,HY-ARB,0.61,0.66,0.58,0.64,0.6,0.56,0.5,0.63,0.5,0.6,Hybrid : Arbitrage
Bandhan Asset Alloc FoF Aggr Reg(G),Viraj Kulkarni,FOF-DOM,1.01,2.13,0,5.7,2.42,2.41,1.9,-4.06,0.57,-0.29,FoFs : Domestic
Bandhan Asset Alloc FoF Cons Reg(G),Viraj Kulkarni,FOF-DOM,0.81,0.87,0.5,2.2,1.33,1.12,1.08,-1.28,0.52,0.15,FoFs : Domestic
Bandhan Asset Alloc FoF Mod Reg(G),Viraj Kulkarni,FOF-DOM,0.96,1.5,0.11,4.35,1.81,2.09,1.67,-2.68,0.7,0.08,FoFs : Domestic
Bandhan Balanced Advantage Fund Reg(G),Manish Gunwani,HY-DYN,1.24,2.39,0.65,3.32,2.49,1.41,1.26,-2.12,1.2,0.13,Hybrid : Dynamic Asset Allocation
Bandhan Banking & PSU Debt Fund Reg(G),Suyash Choudhary,DT-B&PSU,0.65,0.29,0.82,0.54,0.82,0.67,0.79,0.47,0.56,0.52,Debt : Banking & PSU
Bandhan Bond Fund   Income Plan Reg(G),Suyash Choudhary,DT-LD,0.7,-0.54,1.48,0.67,0.8,0.83,1.17,-0.06,0.27,0.38,Debt : Long Duration
Bandhan Bond Fund   Medium Term Plan Reg(G),Suyash Choudhary,DT-MD,0.63,0.01,0.95,0.47,0.98,0.74,0.96,0.24,0.58,0.47,Debt : Medium Duration
Bandhan Bond Fund   Short Term Plan Reg(G),Suyash Choudhary,DT-SD,0.67,0.24,0.89,0.58,0.9,0.7,0.88,0.39,0.6,0.5,Debt : Short Duration
Bandhan BSE Healthcare Index Fund Reg(G),Nemish Sheth,EQ-INDX,-,-,-,-,-,-,-,-0.82,-0.62,3.58,Equity : Index Funds
Bandhan BSE Sensex ETF,Nemish Sheth,EQ-ETF,1.55,1.09,-0.36,7.02,3.47,0.93,2.3,-5.71,0.53,-2.1,Equity : ETFs
Bandhan Business Cycle Fund Reg(G),Vishal Biraia,EQ-THEM,-,-,-,-,-,-,-,-2.59,0.45,-0.37,Equity : Thematic
Bandhan Conservative Hybrid Fund Reg(G),Viraj Kulkarni,HY-DT(CO),0.71,0.43,0.86,2.79,1.09,1.23,1.29,-1.92,0.35,-0.38,Hybrid : Debt Oriented (Conservative)
Bandhan Core Equity Fund Reg(G),Manish Gunwani,EQ-L&M,0.64,6.02,1.65,6.59,5.94,3.13,1.47,-6.67,0.46,-0.05,Equity : Large & Mid Cap
Bandhan Corp Bond Fund Reg(G),Suyash Choudhary,DT-CORP,0.57,0.2,0.9,0.54,0.88,0.72,0.89,0.49,0.57,0.5,Debt : Corporate Bond
Bandhan Credit Risk Fund Reg(G),Gautam Kaul,DT-CR,0.7,0.26,0.82,0.61,0.7,0.59,0.8,0.43,0.51,0.54,Debt : Credit Risk
Bandhan CRISIL IBX 90:10 SDL Plus Gilt   April 2032 Index Fund Reg(G),Gautam Kaul,DT-LD,0.72,-0.1,1.24,0.65,0.96,1.14,1.12,0.44,0.37,0.66,Debt : Long Duration
Bandhan CRISIL IBX 90:10 SDL Plus Gilt   Nov 2026 Index Fund Reg(G),Gautam Kaul,DT-M&LD,0.54,0.44,0.8,0.71,0.78,0.72,0.69,0.56,0.46,0.49,Debt : Medium to Long Duration
Bandhan CRISIL IBX 90:10 SDL Plus Gilt   Sep 2027 Index Fund Reg(G),Gautam Kaul,DT-GILT,0.5,0.48,0.81,0.82,0.89,0.76,0.74,0.5,0.42,0.46,Debt : Gilt
Bandhan CRISIL IBX Gilt April 2026 Index Fund Reg(G),Gautam Kaul,DT-GILT,0.53,0.38,0.73,0.63,0.76,0.61,0.66,0.48,0.48,0.52,Debt : Gilt
Bandhan CRISIL IBX Gilt April 2028 Index Fund Reg(G),Harshal Joshi,DT-GILT,0.58,0.14,0.96,0.74,0.94,0.72,0.82,0.35,0.5,0.52,Debt : Gilt
Bandhan CRISIL IBX Gilt April 2032 Index Fund Reg(G),Gautam Kaul,DT-LD,0.69,-0.21,1.43,0.56,1.25,0.93,1.33,-0.03,0.54,0.58,Debt : Long Duration
Bandhan CRISIL IBX Gilt June 2027 Index Fund Reg(G),Harshal Joshi,DT-GILT,0.57,0.18,0.91,0.73,0.91,0.71,0.73,0.34,0.65,0.43,Debt : Gilt
Bandhan Dynamic Bond Fund Reg(G),Suyash Choudhary,DT-DYN,0.89,-1.53,2.33,1.38,0.48,1.11,1.75,-0.55,0.04,0.34,Debt : Dynamic Bond
Bandhan ELSS Tax Saver Fund Reg(G),Daylynn Pinto,EQ-ELSS,0.58,2.53,-0.21,6.47,4.69,0.7,1.63,-6.41,-0.5,-1.35,Equity : Tax Saving (ELSS)
Bandhan Equity Savings Fund Reg(G),Nemish Sheth,HY-EQ,0.73,0.61,0.47,1.89,1.27,0.25,0.8,-0.47,0.22,0.34,Hybrid : Equity Oriented
Bandhan Financial Services Fund Reg(G),Ritu Modi,EQ-FIN,-1.74,5.73,-2.12,7.86,0.98,2.98,4.9,-3.65,0.4,-0.99,Equity : Sectoral - Financial Services
Bandhan Flexi Cap Fund Reg(G),Manish Gunwani,EQ-FLEX,2.21,3.61,0.45,6.8,3.75,1.87,2.78,-7.08,-0.38,-1.31,Equity : Flexi Cap
Bandhan Floating Rate Fund Reg(G),Brijesh Shah,DT-FL,0.62,0.32,0.87,0.61,0.9,0.7,0.88,0.44,0.63,0.56,Debt : Floater
Bandhan Focused Equity Fund Reg(G),Manish Gunwani,EQ-MLC,0.85,3.33,-1.62,10.04,1.39,6.15,3.34,-2.74,2.29,1.58,Equity : Multi Cap
Bandhan G Sec Constant Maturity Plan Reg(G),Harshal Joshi,DT-GL10Y,0.81,-0.46,1.62,0.69,1.14,0.99,1.4,-0.12,0.72,0.47,Debt : Gilt (10 Yr Constant Duration)
Bandhan G Sec Invest Reg(G),Suyash Choudhary,DT-GILT,0.93,-1.49,2.38,1.43,0.52,1.16,1.79,-0.52,0.08,0.37,Debt : Gilt
Bandhan Hybrid Equity Fund Reg(G),Prateek Poddar,HY-EQ,1.02,1.94,-0.88,5.94,5.07,3.1,3.34,-5.0,1.55,0.97,Hybrid : Equity Oriented
Bandhan Infrastructure Fund Reg(G),Vishal Biraia,EQ-INFRA,2.53,8.21,7.04,8.52,5.89,-2.54,0.25,-7.08,0.02,-0.8,Equity : Sectoral - Infrastructure
Bandhan Innovation Fund Reg(G),Manish Gunwani,EQ-THEM,-,-,0.98,8.31,7.89,4.81,4.53,-4.08,1.77,2.03,Equity : Thematic
Bandhan Large Cap Fund Reg(G),Manish Gunwani,EQ-LC,1.48,2.58,-0.21,8.08,3.35,2.89,2.42,-6.44,0.47,-0.92,Equity : Large Cap
Bandhan Liquid Fund Reg(G),Harshal Joshi,DT-LIQ,0.65,0.61,0.59,0.57,0.6,0.57,0.58,0.58,0.56,0.58,Debt : Liquid
Bandhan Long Duration Fund Reg(G),Gautam Kaul,DT-LD,-,-1.45,2.42,1.43,0.55,1.2,1.82,-0.46,0.11,0.44,Debt : Long Duration
Bandhan Low Duration Fund Reg(G),Harshal Joshi,DT-LOWD,0.67,0.55,0.62,0.57,0.64,0.57,0.61,0.63,0.52,0.54,Debt : Low Duration
Bandhan Midcap Fund Reg(G),Ritu Modi,EQ-MID,1.22,5.58,3.29,10.25,3.68,1.85,2.32,-5.77,1.69,1.94,Equity : Mid Cap
Bandhan Money Manager Fund Reg(G),Brijesh Shah,DT-MM,0.69,0.54,0.56,0.53,0.6,0.54,0.63,0.61,0.56,0.57,Debt : Money Market
Bandhan Multi Asset Allocation Fund Reg(G),Viraj Kulkarni,HY-MULTI,1.85,3.01,1.55,4.37,2.18,1.85,2.29,-2.76,-0.55,-1.08,Hybrid : Multi Asset Allocation
Bandhan Multi Cap Fund Reg(G),Daylynn Pinto,EQ-MLC,0.21,5.25,-0.49,8.28,4.92,1.29,1.62,-5.67,-0.56,-0.71,Equity : Multi Cap
Bandhan Nifty 100 Index Fund Reg(G),Nemish Sheth,EQ-INDX,1.7,2.19,0.59,6.39,4.09,1.1,2.28,-6.77,-0.03,-2.27,Equity : Index Funds
Bandhan Nifty 50 ETF,Nemish Sheth,EQ-ETF,1.57,1.24,0.01,6.73,3.97,1.35,2.26,-6.12,-0.26,-2.02,Equity : ETFs
Bandhan Nifty 50 Index Fund Reg(G),Nemish Sheth,EQ-INDX,1.52,1.19,-0.03,6.65,3.93,1.25,2.22,-6.21,-0.31,-2.07,Equity : Index Funds
Bandhan Nifty 500 Momentum 50 Index Fund Reg(G),Nemish Sheth,EQ-INDX,-,-,-,-,-,-,-,-,0.02,-3.68,Equity : Index Funds
Bandhan Nifty 500 Value 50 Index Fund Reg(G),Nemish Sheth,EQ-INDX,-,-,-,-,-,-,-,-,-0.73,-5.44,Equity : Index Funds
Bandhan Nifty Alpha 50 Index Fund Reg(G),Nemish Sheth,EQ-INDX,1.15,6.55,4.85,6,6.55,0.34,-0.3,-7.15,-0.1,0.1,Equity : Index Funds
Bandhan Nifty Bank Index Fund Reg(G),Nemish Sheth,EQ-INDX,-,-,-,-,-,-,3.16,-2.93,1.02,-2.37,Equity : Index Funds
Bandhan Nifty IT Index Fund Reg(G),Nemish Sheth,EQ-INDX,-7.56,-4.92,-1.69,11.53,13.1,4.71,-2.03,-3.21,6.68,0.34,Equity : Index Funds
Bandhan Nifty Midcap 150 Index Fund Reg(G),Nemish Sheth,EQ-INDX,-,-,-,-,-,-,-,-6.48,0.1,1.03,Equity : Index Funds
Bandhan Nifty Smallcap 250 Index Fund Reg(G),Nemish Sheth,EQ-INDX,-4.25,10.29,-1.34,9.34,4.88,1.27,1.23,-3.67,-0.21,0.14,Equity : Index Funds
Bandhan Nifty Total Market Index Fund Reg(G),Nemish Sheth,EQ-INDX,-,-,-,-,-,0.94,2.07,-6.32,-0.01,-1.42,Equity : Index Funds
Bandhan Nifty100 Low Volatility 30 Index Fund Reg(G),Nemish Sheth,EQ-INDX,0.73,-1.55,-0.05,6.86,5.99,2.35,3.57,-8.09,-1.91,-0.88,Equity : Index Funds
Bandhan Nifty200 Momentum 30 Index Fund Reg(G),Nemish Sheth,EQ-INDX,2.7,5.72,4.79,3.05,4.83,0.43,1.21,-8.25,-0.81,-4.17,Equity : Index Funds
Bandhan Overnight Fund Reg(G),Brijesh Shah,DT-ON,0.55,0.53,0.55,0.53,0.54,0.53,0.52,0.53,0.52,0.55,Debt : Overnight
Bandhan Retirement Fund Reg(G),Vishal Biraia,HY-SOL,1.56,1.95,1.21,4.08,1.79,1.26,1.35,-3.75,0.17,-0.32,Hybrid : Solution Oriented
Bandhan Small Cap Fund Reg(G),Manish Gunwani,EQ-SML,-2.27,9.69,-0.16,9.38,7.92,6.31,2.89,-3.83,0.78,-0.21,Equity : Small Cap
Bandhan Sterling Value Fund Reg(G),Daylynn Pinto,EQ-VAL,0.48,3.57,0.21,7.18,4.42,1.21,1.67,-5.87,-0.56,-1.4,Equity : Value / Contra
Bandhan Transportation and Logistics Fund Reg(G),Daylynn Pinto,EQ-AUTO,1.24,6.22,4.11,7.79,4.66,-0.55,1.23,-9.9,-1.07,-2.49,Equity : Sectoral - Auto
Bandhan Ultra Short Term Fund Reg(G),Harshal Joshi,DT-USD,0.68,0.62,0.6,0.58,0.6,0.57,0.6,0.62,0.54,0.57,Debt : Ultra Short Duration
Bandhan US Equity FoF Reg(G),Ritika Behera,FOF-OVR,3.2,-3.18,2.73,8.2,-4.21,3.21,1.64,0.9,5.92,1.04,FoFs : Overseas
Bandhan US Equity FoF Reg(IDCW),Ritika Behera,FOF-OVR,3.2,-3.18,2.73,8.2,-4.21,3.21,1.64,0.9,5.92,1.04,FoFs : Overseas
Bandhan US Treasury Bond 0 1 year FoF Reg(G),Brijesh Shah,FOF-OVR,0.94,0.54,0.22,0.59,0.8,0.65,0.34,0.67,0.85,1.51,FoFs : Overseas
Bank of India Arbitrage Fund Reg(G),Firdaus Marazban Ragina,HY-ARB,0.55,0.6,0.53,0.61,0.53,0.56,0.52,0.57,0.51,0.56,Hybrid : Arbitrage
Bank of India Balanced Advantage Fund Reg(G),Alok Singh,HY-DYN,1.06,1.51,0.37,3.97,1.9,-0.21,1.18,-4.28,-0.73,-1.77,Hybrid : Dynamic Asset Allocation
Bank of India Bluechip Fund Reg(G),Alok Singh,EQ-LC,2.04,2.66,0.19,6.14,2.56,-0.53,1.67,-5.99,0.56,-2.36,Equity : Large Cap
Bank of India Business Cycle Fund Reg(G),Alok Singh,EQ-THEM,-,-,-,-,-,-,0.8,-0.99,1.1,-2.68,Equity : Thematic
Bank of India Conservative Hybrid Fund Reg(G),Alok Singh,HY-DT(CO),0.28,0.44,0.47,2.02,0.57,0.5,0.05,-0.56,0.39,-0.45,Hybrid : Debt Oriented (Conservative)
Bank of India Credit Risk Fund Reg(G),Alok Singh,DT-CR,0.61,0.41,0.2,0.43,0.3,0.41,0.32,0.59,0.43,0.29,Debt : Credit Risk
Bank of India ELSS Tax Saver Reg(G),Alok Singh,EQ-ELSS,1.76,6.04,1.38,6.62,3.04,-0.5,-0.65,-3.93,0.45,-1.24,Equity : Tax Saving (ELSS)
Bank of India Flexi Cap Fund Reg(G),Alok Singh,EQ-FLEX,1.48,7.09,3.06,5.55,4.92,0.3,-0.46,-3.74,0.59,-0.67,Equity : Flexi Cap
Bank of India Large & Mid Cap Equity Fund Reg(G),Nitin Gosar,EQ-L&M,0.67,4.8,0.83,7.76,3.93,1.53,-1.39,-5.54,1.19,-2.78,Equity : Large & Mid Cap
Bank of India Liquid Fund Reg(G),Mithraem Bharucha,DT-LIQ,0.64,0.62,0.61,0.57,0.61,0.58,0.59,0.59,0.57,0.59,Debt : Liquid
Bank of India Mfg & Infra Fund Reg(G),Nitin Gosar,EQ-INFRA,1.72,7.38,1.91,8.23,3.88,1.99,0.08,-6.19,0.41,-2.47,Equity : Sectoral - Infrastructure
Bank of India Mid & Small Cap Equity & Debt Fund Reg(G),Alok Singh,HY-EQ,-0.18,5.94,1.33,7.25,3.64,2.28,-1.63,-3.04,1.37,1.14,Hybrid : Equity Oriented
Bank of India Multi Asset Allocation Fund Reg(G),Mithraem Bharucha,HY-MULTI,0.98,3.51,1.04,3.13,0.52,0.91,0.99,-1.25,0.1,-1.2,Hybrid : Multi Asset Allocation
Bank of India Multi Cap Fund Reg(G),Nitin Gosar,EQ-MLC,-0.07,6.5,0.12,7.9,4.32,2.65,-0.32,-5.08,1.02,-1.91,Equity : Multi Cap
Bank of India Overnight Fund Reg(G),Mithraem Bharucha,DT-ON,0.57,0.54,0.56,0.54,0.55,0.55,0.54,0.54,0.53,0.56,Debt : Overnight
Bank of India Short Term Income Fund Reg(G),Mithraem Bharucha,DT-SD,0.56,0.16,0.83,0.48,0.81,0.63,0.84,0.34,2.31,0.54,Debt : Short Duration
Bank of India Small Cap Fund Reg(G),Alok Singh,EQ-SML,-0.1,9.16,0.02,10.89,4.62,2.26,2.65,-2.76,0.87,-1.37,Equity : Small Cap
Bank of India Ultra Short Duration Fund Reg(G),Mithraem Bharucha,DT-USD,0.6,0.55,0.53,0.47,0.6,0.5,0.59,0.55,0.49,0.55,Debt : Ultra Short Duration
Baroda BNP Paribas Aggressive Hybrid Fund Reg(G),Jitendra Sriram,HY-EQ,2.18,1.99,0.76,5.57,3.02,1.43,1.46,-3.62,0.49,-0.7,Hybrid : Equity Oriented
Baroda BNP Paribas Aqua FoF Reg(G),Swapna Shelar,FOF-OVR,4.37,-3.89,2.55,-3.63,7.88,1.1,1.93,-6.13,2.79,-5.78,FoFs : Overseas
Baroda BNP Paribas Arbitrage Fund Reg(G),Neeraj Saxena,HY-ARB,0.6,0.68,0.62,0.67,0.55,0.68,0.43,0.53,0.5,0.54,Hybrid : Arbitrage
Baroda BNP Paribas Balanced Advantage Fund Reg(G),Sanjay Chawla,HY-DYN,1.22,2.43,0.86,3.81,2.28,1.49,1.28,-3.03,1.67,-0.48,Hybrid : Dynamic Asset Allocation
Baroda BNP Paribas Banking and Fin Serv Fund Reg(G),Sandeep Jain,EQ-FIN,1.07,5.65,-1.33,5.73,-0.1,1.28,6.01,-2.81,0.2,-1.25,Equity : Sectoral - Financial Services
Baroda BNP Paribas Banking and PSU Bond Fund Reg(G),Gurvinder Singh Wasan,DT-B&PSU,0.64,0.06,0.92,0.49,0.91,0.67,0.91,0.49,0.42,0.5,Debt : Banking & PSU
Baroda BNP Paribas Business Cycle Fund Reg(G),Jitendra Sriram,EQ-THEM,2.04,3.15,0.6,6.99,4.26,1.23,1.65,-5.7,0.56,-0.53,Equity : Thematic
Baroda BNP Paribas Conservative Hybrid Fund Reg(G),Pratish Krishnan,HY-DT(CO),1.01,0.92,0.68,1.71,1.08,0.93,1.15,-1.06,0.62,0.63,Hybrid : Debt Oriented (Conservative)
Baroda BNP Paribas Corp Bond Fund(G),Gurvinder Singh Wasan,DT-CORP,0.72,0.17,0.86,0.51,0.95,0.73,1.06,0.46,0.44,0.56,Debt : Corporate Bond
Baroda BNP Paribas Credit Risk Fund Reg(G),Gurvinder Singh Wasan,DT-CR,0.74,0.37,0.81,0.56,0.73,0.67,1.07,0.61,0.53,0.47,Debt : Credit Risk
Baroda BNP Paribas Dividend Yield Fund Reg(G),Shiv Chanani,EQ-DIV,-,-,-,-,-,-,-,-6.54,-0.77,-0.81,Equity : Thematic - Dividend Yield
Baroda BNP Paribas Dynamic Bond Fund(G),Prashant Pimple,DT-DYN,0.78,-0.51,1.63,0.64,0.9,0.7,1.41,-0.2,0.69,0.32,Debt : Dynamic Bond
Baroda BNP Paribas ELSS Tax Saver Fund Reg(G),Sanjay Chawla,EQ-ELSS,1.61,5.69,0.53,6.26,3.06,2.33,2.74,-4.24,1.19,0.01,Equity : Tax Saving (ELSS)
Baroda BNP Paribas Equity Savings Fund Reg(G),Pratish Krishnan,HY-EQ,1.02,1.46,0.38,2.65,1.22,1.34,1.48,-1.46,0.56,0.18,Hybrid : Equity Oriented
Baroda BNP Paribas Flexi Cap Fund Reg(G),Sanjay Chawla,EQ-FLEX,2.27,4.61,1.28,6.24,3.65,2.62,1.93,-5.64,0.09,0.11,Equity : Flexi Cap
Baroda BNP Paribas Floater Fund Reg(G),Prashant Pimple,DT-FL,0.96,1.02,0.26,0.8,1.08,0.78,0.1,0.0,0.0,0.0,Debt : Floater
Baroda BNP Paribas Focused Fund Reg(G),Sanjay Chawla,EQ-FLEX,3.28,4.9,3.02,5.55,2.19,0.53,1.07,-7.8,1.38,-0.97,Equity : Flexi Cap
Baroda BNP Paribas Gilt Fund Reg(G),Gurvinder Singh Wasan,DT-GILT,0.69,-0.28,1.45,0.57,1.06,0.96,1.39,0.01,0.68,0.55,Debt : Gilt
Baroda BNP Paribas Gold ETF,Gurvinder Singh Wasan,GOLD-ETF,7.69,6.51,0.77,-0.79,-3.45,3.66,4.53,5.31,-3.46,-0.66,Gold : ETFs
Baroda BNP Paribas India Consumption Fund Reg(G),Shiv Chanani,EQ-CONS,1.93,2.87,0.46,8.31,6.36,3.92,3.51,-8.9,0.89,-0.05,Equity : Thematic - Consumption
Baroda BNP Paribas Innovation Fund Reg(G),Pratish Krishnan,EQ-THEM,-,4.22,1.87,8.57,4.56,2.58,2.33,-4.13,0.38,2.38,Equity : Thematic
Baroda BNP Paribas Large & Mid Cap Fund Reg(G),Sanjay Chawla,EQ-L&M,1.19,3.18,1.47,6.14,4.2,3.54,1.06,-5.44,1.61,0.33,Equity : Large & Mid Cap
Baroda BNP Paribas Large Cap Fund Reg(G),Jitendra Sriram,EQ-LC,2.51,2.86,0.95,6.65,4.59,1.09,1.9,-6.51,-0.14,-1.27,Equity : Large Cap
Baroda BNP Paribas Liquid Fund(G),Vikram Pamnani,DT-LIQ,0.64,0.6,0.59,0.56,0.6,0.57,0.58,0.58,0.56,0.59,Debt : Liquid
Baroda BNP Paribas Low Duration Fund(G),Vikram Pamnani,DT-LOWD,0.66,0.52,0.58,0.51,0.66,0.51,0.62,0.62,0.44,0.54,Debt : Low Duration
Baroda BNP Paribas Manufacturing Fund Reg(G),Jitendra Sriram,EQ-THEM,-,-,-,-,1.84,-1.42,3.12,-6.01,-2.06,-1.1,Equity : Thematic
Baroda BNP Paribas Medium Duration Fund Reg(G),Prashant Pimple,DT-MD,0.59,0.18,0.76,0.57,0.83,0.71,0.23,0.0,0.0,0.0,Debt : Medium Duration
Baroda BNP Paribas Mid Cap Fund Reg(G),Shiv Chanani,EQ-MID,-0.02,6.03,2.1,8.68,3.53,1.98,0.95,-4.85,-0.46,1.46,Equity : Mid Cap
Baroda BNP Paribas Money Market Fund Reg(G),Vikram Pamnani,DT-MM,0.67,0.61,0.56,0.55,0.64,0.55,0.63,0.62,0.54,0.59,Debt : Money Market
Baroda BNP Paribas Multi Asset Fund Reg(G),Jitendra Sriram,HY-MULTI,2.84,3.15,0.66,5.05,2.06,1.13,3.22,-3.42,-1.13,-1.79,Hybrid : Multi Asset Allocation
Baroda BNP Paribas Multi Cap Fund Reg(G),Sanjay Chawla,EQ-MLC,1.66,6.01,1.35,6.67,3.03,2.45,1.68,-3.06,1.06,1.51,Equity : Multi Cap
Baroda BNP Paribas Nifty 50 Index Fund Reg(G),Neeraj Saxena,EQ-INDX,1.49,1.19,-0.05,6.85,3.9,1.31,2.2,-6.15,-0.29,-2.08,Equity : Index Funds
Baroda BNP Paribas NIFTY Bank ETF,Neeraj Saxena,EQ-ETF,-,-,-,-,-1.53,-0.18,3.13,-2.85,1.14,-2.32,Equity : ETFs
Baroda BNP Paribas NIFTY Midcap 150 Index Fund Reg(G),Neeraj Saxena,EQ-INDX,-,-,-,-,-,-,-,-,-,0.94,Equity : Index Funds
Baroda BNP Paribas NIFTY SDL Dec 2026 Index Fund Reg(G),Gurvinder Singh Wasan,DT-M&LD,0.51,0.46,0.8,0.71,0.82,0.74,0.72,0.57,0.4,0.49,Debt : Medium to Long Duration
Baroda BNP Paribas NIFTY SDL Dec 2028 Index Fund Reg(G),Gurvinder Singh Wasan,DT-M&LD,0.59,0.19,0.95,0.71,1.14,0.83,0.95,0.45,0.48,0.37,Debt : Medium to Long Duration
Baroda BNP Paribas Nifty200 Momentum 30 Index Fund Reg(G),Neeraj Saxena,EQ-INDX,-,-,-,-,-,-,-,-,-0.83,-4.3,Equity : Index Funds
Baroda BNP Paribas Overnight Fund Reg(G),Vikram Pamnani,DT-ON,0.55,0.53,0.55,0.53,0.54,0.54,0.53,0.53,0.52,0.55,Debt : Overnight
Baroda BNP Paribas Retirement Fund Reg(G),Pratish Krishnan,HY-SOL,-,-,-,5.19,2.36,1.77,2.26,-3.31,0.71,0.06,Hybrid : Solution Oriented
Baroda BNP Paribas Short Duration Fund Reg(G),Gurvinder Singh Wasan,DT-SD,0.62,0.3,0.79,0.48,0.86,0.64,0.94,0.46,0.51,0.51,Debt : Short Duration
Baroda BNP Paribas Small Cap Fund Reg(G),Shiv Chanani,EQ-SML,-2.06,8.96,-0.88,8.27,5.46,-0.69,2.96,-5.16,-1.19,2.22,Equity : Small Cap
Baroda BNP Paribas Ultra Short Duration Fund Reg(G),Vikram Pamnani,DT-USD,0.7,0.58,0.6,0.55,0.67,0.55,0.64,0.62,0.54,0.6,Debt : Ultra Short Duration
Baroda BNP Paribas Value Fund Reg(G),Shiv Chanani,EQ-VAL,0.38,3.11,0.46,5.62,6.51,0.07,-0.29,-6.18,-0.6,-2.22,Equity : Value / Contra
Bharat 22 ETF,Nishit Patel,EQ-ETF,0.69,5.98,1.94,1.95,8.35,-1.5,1.15,-5.66,-0.23,-4.78,Equity : ETFs
BHARAT Bond ETF   April 2025,Dhawal Dalal,DT-ETF,0.72,0.6,0.66,0.59,0.68,0.53,0.67,0.66,0.58,0.61,Debt : ETFs
BHARAT Bond ETF   April 2030,Dhawal Dalal,DT-ETF,0.76,0.14,0.98,0.48,1.15,0.79,1.13,0.51,0.51,0.45,Debt : ETFs
BHARAT Bond ETF   April 2031,Dhawal Dalal,DT-ETF,0.79,0.07,0.92,0.28,1.43,0.7,1.39,0.51,0.2,0.6,Debt : ETFs
BHARAT Bond ETF   April 2032,Dhawal Dalal,DT-ETF,0.78,-0.03,1.09,0.59,1.14,0.74,1.48,0.59,0.3,0.61,Debt : ETFs
BHARAT Bond ETF   April 2033,Dhawal Dalal,DT-ETF,0.79,-0.03,1.15,0.63,0.89,0.94,1.58,0.37,0.33,0.8,Debt : ETFs
BHARAT Bond ETF FOF   April 2032  Reg(G),Rahul Dedhia,FOF-DOM,0.44,-0.26,1.11,0.94,0.61,0.92,1.61,0.63,0.37,0.41,FoFs : Domestic
BHARAT Bond ETF FOF   April 2033  Reg(G),Rahul Dedhia,FOF-DOM,0.79,-0.27,0.92,0.93,0.47,1.23,1.3,0.6,0.4,0.52,FoFs : Domestic
BHARAT Bond FOF   April 2025  Reg(G),Rahul Dedhia,FOF-DOM,0.62,0.65,0.73,0.4,0.82,0.46,0.52,0.99,0.47,0.63,FoFs : Domestic
BHARAT Bond FOF   April 2030  Reg(G),Rahul Dedhia,FOF-DOM,0.75,-0.21,0.99,1.06,1.24,0.13,1.2,0.64,0.42,0.44,FoFs : Domestic
BHARAT Bond FOF   April 2031  Reg(G),Rahul Dedhia,FOF-DOM,0.93,-0.32,1.04,0.41,1.2,0.81,1.53,0.52,0.28,0.44,FoFs : Domestic
Canara Rob Balanced Advantage Fund Reg(G),Shridatta Bhandwaldar,HY-DYN,-,-,-,-,-,-,1.46,-3.07,0.49,-1.48,Hybrid : Dynamic Asset Allocation
Canara Rob Banking and PSU Debt Fund Reg(G),Suman Prasad,DT-B&PSU,0.62,0.28,0.84,0.52,0.8,0.64,0.81,0.5,0.48,0.51,Debt : Banking & PSU
Canara Rob Bluechip Equity Fund Reg(G),Shridatta Bhandwaldar,EQ-LC,2.35,1.59,0.91,6.9,3.9,1.72,2.41,-5.67,0.79,-1.03,Equity : Large Cap
Canara Rob Conservative Hybrid Fund Reg(G),Avnish Jain,HY-DT(CO),0.4,0.95,0.86,2.16,1.68,1.04,1.54,-0.69,0.38,0.02,Hybrid : Debt Oriented (Conservative)
Canara Rob Consumer Trends Fund Reg(G),Ennettee Fernandes,EQ-CONS,3.08,4.86,-0.88,6.73,5.4,3.29,3.65,-6.93,-1.06,-0.78,Equity : Thematic - Consumption
Canara Rob Corp Bond Fund Reg(G),Avnish Jain,DT-CORP,0.69,0.39,0.71,0.55,0.69,0.71,0.95,0.41,0.43,0.51,Debt : Corporate Bond
Canara Rob Dynamic Bond Fund Reg(G),Kunal Jain,DT-DYN,0.64,-0.57,1.34,0.77,0.74,0.87,1.32,-0.4,0.23,0.4,Debt : Dynamic Bond
Canara Rob ELSS Tax Saver Reg(G),Vishal Mishra,EQ-ELSS,1.12,3.08,1.75,6.39,4.8,1.72,2.13,-5.16,-0.01,-1.64,Equity : Tax Saving (ELSS)
Canara Rob Emerg Equities Fund Reg(G),Amit Nadekar,EQ-L&M,2.43,3.74,1.74,9.39,3.7,1.71,2.08,-5.68,1.71,0.73,Equity : Large & Mid Cap
Canara Rob Equity Hybrid Fund Reg(G),Ennettee Fernandes,HY-EQ,1.05,2.25,1.08,5.06,4.5,1.08,2.08,-3.56,0.14,-1.35,Hybrid : Equity Oriented
Canara Rob Flexi Cap Fund Reg(G),Shridatta Bhandwaldar,EQ-FLEX,1.4,2.02,1.19,7.23,4.01,1.81,2.39,-5.75,0.29,-0.75,Equity : Flexi Cap
Canara Rob Focused Equity Fund Reg(G),Shridatta Bhandwaldar,EQ-MLC,1.72,2.35,-0.29,7.57,3.35,3.24,3.81,-5.16,1.1,-0.31,Equity : Multi Cap
Canara Rob Gilt Fund Reg(G),Kunal Jain,DT-GILT,0.72,-0.56,1.52,0.79,0.75,1.05,1.53,-0.31,0.25,0.42,Debt : Gilt
Canara Rob Income Fund Reg(G),Avnish Jain,DT-M&LD,0.64,-0.42,1.48,0.65,0.82,0.84,1.07,-0.12,0.43,0.36,Debt : Medium to Long Duration
Canara Rob Infrastructure Fund Reg(G),Vishal Mishra,EQ-INFRA,2.95,8.99,10.73,5.58,2.55,-1.01,2.73,-6.06,0.27,-1.05,Equity : Sectoral - Infrastructure
Canara Rob Liquid Fund Reg(G),Kunal Jain,DT-LIQ,0.64,0.62,0.6,0.57,0.6,0.58,0.59,0.59,0.56,0.58,Debt : Liquid
Canara Rob Manufacturing Fund Reg(G),Pranav Gokhale,EQ-THEM,-,6.1,6.03,9.1,2.73,-0.55,3.92,-6.95,1.3,-1.52,Equity : Thematic
Canara Rob Mid Cap Fund Reg(G),Pranav Gokhale,EQ-MID,0.58,5.38,1.38,10.75,5.59,0.29,2.09,-6.65,0.61,0.3,Equity : Mid Cap
Canara Rob Multi Cap Fund Reg(G),Shridatta Bhandwaldar,EQ-MLC,0.68,5.25,2.81,7.19,4.3,1.47,2.55,-4.64,0.35,-0.42,Equity : Multi Cap
Canara Rob Overnight Fund Reg(G),Suman Prasad,DT-ON,0.55,0.53,0.55,0.53,0.54,0.53,0.52,0.53,0.52,0.55,Debt : Overnight
Canara Rob Savings Fund Reg(G),Kunal Jain,DT-LOWD,0.68,0.56,0.61,0.53,0.7,0.57,0.59,0.66,0.49,0.58,Debt : Low Duration
Canara Rob Short Duration Fund Reg(G),Suman Prasad,DT-SD,0.63,0.27,0.8,0.47,0.77,0.63,0.8,0.41,0.52,0.5,Debt : Short Duration
Canara Rob Small Cap Fund Reg(G),Pranav Gokhale,EQ-SML,-2.06,6.71,2.46,9.15,4.01,0.93,2.07,-3.27,-0.3,-0.49,Equity : Small Cap
Canara Rob Ultra Short Term Fund Reg(G),Kunal Jain,DT-USD,0.6,0.56,0.55,0.48,0.61,0.5,0.59,0.59,0.47,0.55,Debt : Ultra Short Duration
CPSE ETF,Himanshu Mange,EQ-ETF,-0.23,8.58,5.33,3.31,10.35,-0.83,-1.89,-8.96,-0.81,-6.72,Equity : ETFs
DSP 10Y G Sec Fund Reg(G),Shantanu Godambe,DT-GL10Y,0.71,-0.38,1.73,0.39,1.1,0.91,1.29,-0.19,0.86,0.49,Debt : Gilt (10 Yr Constant Duration)
DSP Aggressive Hybrid Fund Reg(G),Abhishek Singh,HY-EQ,0.2,3.39,1.24,6.93,4.12,1.87,2.7,-2.96,0.04,-0.99,Hybrid : Equity Oriented
DSP Arbitrage Fund Reg(G),Kaivalya Nadkarni,HY-ARB,0.61,0.65,0.57,0.62,0.57,0.55,0.52,0.61,0.52,0.62,Hybrid : Arbitrage
DSP Banking & Financial Services Fund Reg(G),Dhaval Gada,EQ-FIN,-0.04,5.94,-0.49,6.73,1.43,1.56,7.68,-4.36,0.13,-1.58,Equity : Sectoral - Financial Services
DSP Banking & PSU Debt Fund Reg(G),Shantanu Godambe,DT-B&PSU,0.8,-0.02,0.97,0.73,0.75,0.87,1.31,0.31,0.29,0.59,Debt : Banking & PSU
DSP Bond Fund Reg(G),Vivekanand Ramakrishnan,DT-MD,0.66,0.25,0.77,0.55,0.9,0.71,0.94,0.45,0.45,0.41,Debt : Medium Duration
DSP BSE Liquid Rate ETF,Anil Ghelani,DT-ETF,-,0.51,0.52,0.51,0.52,0.5,0.52,0.51,0.49,0.55,Debt : ETFs
DSP BSE Sensex ETF,Anil Ghelani,EQ-ETF,1.57,1.11,-0.34,7.05,3.5,0.94,2.33,-5.72,0.55,-2.11,Equity : ETFs
DSP Corp Bond Fund Reg(G),Shantanu Godambe,DT-CORP,0.71,0.33,0.71,0.58,0.84,0.62,0.75,0.61,0.5,0.54,Debt : Corporate Bond
DSP Credit Risk Fund Reg(G),Vivekanand Ramakrishnan,DT-CR,0.78,0.34,0.82,0.56,0.74,0.64,0.78,0.5,0.61,0.57,Debt : Credit Risk
DSP CRISIL SDL Plus G Sec Apr 2033 50:50 Index Fund Reg(G),Shantanu Godambe,DT-LD,0.71,-0.11,1.34,0.66,1.06,0.97,1.37,0.11,0.44,0.67,Debt : Long Duration
DSP Dynamic Asset Allocation Fund Reg(G),Rohit Singhania,HY-DYN,0.06,2.9,1.69,3.58,2.07,1.47,1.27,-1.23,-0.19,-0.51,Hybrid : Dynamic Asset Allocation
DSP ELSS Tax Saver Fund Reg(G),Rohit Singhania,EQ-ELSS,-1.03,5.81,2.4,7.68,6.41,1.62,1.78,-5.22,-0.03,-1.35,Equity : Tax Saving (ELSS)
DSP Equity Opportunities Fund Reg(G),Rohit Singhania,EQ-L&M,-1.25,6.95,2.01,8.28,5.85,1.71,1.26,-5.73,0.09,-1.07,Equity : Large & Mid Cap
DSP Equity Savings Fund Reg(G),Abhishek Singh,HY-EQ,0.99,1.59,0.35,2.73,2.55,0.99,1.8,-0.7,0.13,-0.21,Hybrid : Equity Oriented
DSP Flexi Cap Fund Reg(G),Bhavin Gandhi,EQ-FLEX,-0.17,4.99,2.01,8.36,4.8,2.19,2.41,-5.04,-0.26,-1.68,Equity : Flexi Cap
DSP Floater Fund Reg(G),Shantanu Godambe,DT-FL,0.83,0.34,0.82,0.81,0.9,0.87,1.06,0.4,0.62,0.5,Debt : Floater
DSP Focus Fund Reg(G),Vinit Sambre,EQ-MLC,-1.01,5.07,2.85,8.12,3.87,3.59,1.99,-5.68,-0.3,-1.55,Equity : Multi Cap
DSP Gilt Fund Reg(G),Shantanu Godambe,DT-GILT,0.86,-1.11,1.93,1.21,0.52,1.18,1.85,-0.37,0.18,0.49,Debt : Gilt
DSP Global Allocation FoF Reg(G),Jay Kothari,FOF-OVR,3.01,-2.54,1.79,2.12,0.56,2.17,1.33,-2.02,3.18,-0.79,FoFs : Overseas
DSP Global Clean Energy FoF Reg(G),Jay Kothari,FOF-OVR,2.72,-2.02,5.11,-3.94,2.73,1.28,3.06,-6.47,0.58,-4.36,FoFs : Overseas
DSP Global Innovation FoF Reg(G),Jay Kothari,FOF-OVR,2.26,-2.89,2.78,5.33,-2.17,-0.38,5.73,-1.95,3.33,0.01,FoFs : Overseas
DSP Gold ETF,Ravi Gehani,GOLD-ETF,7.76,6.56,0.78,-0.8,-3.47,3.67,4.53,5.32,-3.47,-0.66,Gold : ETFs
DSP Gold ETF FoF Reg(G),Anil Ghelani,GOLD-MF,6.75,7.23,0.5,-0.88,-3.58,3.81,4.32,5.45,-3.79,-0.47,Gold : MFs
DSP Healthcare Fund Reg(G),Chirag Dagli,EQ-PHRM,0.39,-0.68,-1.97,4.63,11.97,5.39,3.63,-0.2,1.83,0.34,Equity : Sectoral - Pharma
DSP India T.I.G.E.R Fund Reg(G),Charanjit Singh,EQ-INFRA,1.86,10.79,6.6,5.6,4.01,-0.62,1.86,-5.6,0.37,-2.44,Equity : Sectoral - Infrastructure
DSP Liquidity Fund Reg(G),Karan Mundhra,DT-LIQ,0.64,0.61,0.6,0.57,0.61,0.58,0.59,0.59,0.57,0.58,Debt : Liquid
DSP Low Duration Fund Reg(G),Karan Mundhra,DT-LOWD,0.7,0.55,0.61,0.57,0.67,0.54,0.63,0.66,0.5,0.56,Debt : Low Duration
DSP Midcap Fund Reg(G),Vinit Sambre,EQ-MID,-1.55,7.66,4.11,8.81,5.59,0.94,1.33,-5.69,0.97,0.54,Equity : Mid Cap
DSP Multi Asset Allocation Fund Reg(G),Aparna Karnik,HY-MULTI,2.11,2.17,1.67,3.16,2,2.43,2.81,-1.82,-0.39,-0.9,Hybrid : Multi Asset Allocation
DSP Multicap Fund Reg(G),Chirag Dagli,EQ-MLC,-1.22,7.08,1.53,9.36,4.6,1.46,2.22,-4.01,-0.7,-1.11,Equity : Multi Cap
DSP Natural Res & New Energy Fund Reg(G),Rohit Singhania,EQ-POWER,2.26,7.81,3.7,1.33,4.19,0.6,1.86,-8.41,-1.05,-4.43,Equity : Sectoral - Energy / Power
DSP NIFTY 1D Rate Liquid ETF,Anil Ghelani,DT-ETF,0.53,0.5,0.52,0.51,0.52,0.5,0.52,0.51,0.47,0.55,Debt : ETFs
DSP Nifty 50 Equal Weight ETF,Anil Ghelani,EQ-ETF,1.52,1.05,0.28,6.34,5.64,1.86,2.67,-8.03,-2.39,-1.89,Equity : ETFs
DSP Nifty 50 Equal Weight Index Fund Reg(G),Anil Ghelani,EQ-INDX,1.47,0.97,0.22,6.28,5.56,1.8,2.6,-8.08,-2.44,-1.94,Equity : Index Funds
DSP Nifty 50 ETF,Anil Ghelani,EQ-ETF,1.57,1.24,0.02,6.74,3.98,1.35,2.27,-6.12,-0.26,-2.01,Equity : ETFs
DSP NIFTY 50 Index Fund Reg(G),Anil Ghelani,EQ-INDX,1.52,1.2,-0.02,6.69,3.93,1.31,2.23,-6.14,-0.28,-2.05,Equity : Index Funds
DSP Nifty Bank ETF,Anil Ghelani,EQ-ETF,2.16,4.81,-0.32,6.92,-1.5,-0.18,3.15,-2.85,1.12,-2.32,Equity : ETFs
DSP Nifty Bank Index Fund Reg(G),Anil Ghelani,EQ-INDX,-,-,-,6.77,-1.57,-0.26,3.07,-2.9,1.05,-2.41,Equity : Index Funds
DSP Nifty Healthcare ETF,Anil Ghelani,EQ-PHRM,0.89,-0.72,-1.5,6.62,9.52,5.64,1.68,-2.21,-2.1,5.82,Equity : Sectoral - Pharma
DSP Nifty IT ETF,Anil Ghelani,EQ-ETF,-7.6,-4.89,-1.61,11.62,13.09,4.75,-1.98,-3.13,6.73,0.42,Equity : ETFs
DSP Nifty Midcap 150 Quality 50 ETF,Anil Ghelani,EQ-ETF,-1.86,5.47,5.4,8.58,4.4,0.22,1.63,-5.02,-0.3,-0.49,Equity : ETFs
DSP Nifty Midcap 150 Quality 50 Index Fund Reg(G),Anil Ghelani,EQ-INDX,-1.91,5.42,5.34,8.52,4.34,0.15,1.57,-5.06,-0.36,-0.56,Equity : Index Funds
DSP NIFTY Next 50 Index Fund Reg(G),Anil Ghelani,EQ-INDX,2.68,6.99,4.02,5.94,4.58,0.74,2.3,-9.32,1.17,-4.0,Equity : Index Funds
DSP Nifty Private Bank ETF,Anil Ghelani,EQ-ETF,1.93,4.15,-0.95,7.74,-1.37,0.18,3.11,-4.84,0.42,-2.18,Equity : ETFs
DSP Nifty PSU Bank ETF,Anil Ghelani,EQ-ETF,1.09,8.5,-2.37,-0.17,0.4,-5.58,-3.32,-0.49,1.28,-4.05,Equity : ETFs
DSP Nifty SDL Plus G Sec Jun 2028 30:70 Index Fund Reg(G),Shantanu Godambe,DT-M&LD,0.58,0.18,0.95,0.76,0.98,0.74,0.87,0.39,0.52,0.49,Debt : Medium to Long Duration
DSP Nifty SDL Plus G Sec Sep 2027 50:50 Index Fund Reg(G),Shantanu Godambe,DT-M&LD,0.51,0.37,0.84,0.81,0.9,0.73,0.78,0.45,0.47,0.46,Debt : Medium to Long Duration
DSP Nifty Smallcap250 Quality 50 Index Fund Reg(G),Anil Ghelani,EQ-INDX,-4.06,9.54,-2.09,12.17,6.56,4.06,-0.16,-3.25,-0.43,-1.47,Equity : Index Funds
DSP Nifty Top 10 Equal Weight ETF,Anil Ghelani,EQ-ETF,-,-,-,-,-,-,-,-4.57,1.58,-2.03,Equity : ETFs
DSP Nifty Top 10 Equal Weight Index Fund Reg(G),Anil Ghelani,EQ-INDX,-,-,-,-,-,-,-,-4.67,1.49,-2.11,Equity : Index Funds
DSP Overnight Fund Reg(G),Karan Mundhra,DT-ON,0.56,0.53,0.55,0.53,0.54,0.52,0.54,0.53,0.5,0.57,Debt : Overnight
DSP Quant Fund Reg(G),Aparna Karnik,EQ-THEM,2.41,-0.4,-0.09,7.64,4.69,2.7,3.52,-7.02,-0.65,-1.89,Equity : Thematic
DSP Regular Savings Fund Reg(G),Abhishek Singh,HY-DT(CO),0.84,1.2,0.38,2.29,2.39,0.73,1.55,-0.75,0.39,0.08,Hybrid : Debt Oriented (Conservative)
DSP Savings Fund Reg(G),Karan Mundhra,DT-MM,0.73,0.58,0.6,0.57,0.63,0.53,0.64,0.58,0.52,0.59,Debt : Money Market
DSP Short Term Fund Reg(G),Karan Mundhra,DT-SD,0.68,0.23,0.76,0.59,0.89,0.66,0.83,0.49,0.54,0.52,Debt : Short Duration
DSP Silver ETF,Ravi Gehani,GOLD-ETF,6.75,7.73,15.05,-4.79,-5.63,2.42,5.23,7.59,-7.33,-3.85,Gold : ETFs
DSP Small Cap Fund Reg(G),Vinit Sambre,EQ-SML,-4.32,8.38,-1.83,10.83,5.98,3.23,1.02,-3.34,0.55,1.59,Equity : Small Cap
DSP Strategic Bond Fund Reg(G),Sandeep Yadav,DT-DYN,0.74,-0.9,1.8,1.17,0.55,1.15,1.81,-0.31,0.26,0.41,Debt : Dynamic Bond
DSP Top 100 Equity Fund Reg(G),Abhishek Singh,EQ-LC,1.22,3.95,0.1,7.09,6.31,1.15,2.53,-4.42,-0.34,-1.59,Equity : Large Cap
DSP Ultra Short Fund Reg(G),Shalini Vasanta,DT-USD,0.65,0.56,0.56,0.54,0.59,0.51,0.59,0.59,0.5,0.55,Debt : Ultra Short Duration
DSP US Flexible Equity FoF Reg(G),Jay Kothari,FOF-OVR,3.33,-3.01,2.29,3.07,-0.29,1.56,0.38,-1.84,3.99,1.61,FoFs : Overseas
DSP US Treasury FoF Reg(G),Jay Kothari,FOF-OVR,-,-1.99,1.04,1.68,2.22,1.97,0.9,-2.4,1.15,-0.1,FoFs : Overseas
DSP Value Fund Reg(G),Aparna Karnik,EQ-VAL,1.1,0.63,1.6,4.52,5.9,2.68,1.8,-4.91,0.87,-0.46,Equity : Value / Contra
DSP World Agriculture Fund Reg(G),Jay Kothari,FOF-OVR,1.95,-3.03,1.03,-1.75,3.11,3.94,1.32,-1.99,0.0,0.0,FoFs : Overseas
DSP World Gold FoF Reg(G),Jay Kothari,FOF-OVR,19.35,5.91,5.87,-3.6,9.23,4.93,3.17,1.94,-5.29,-7.7,FoFs : Overseas
DSP World Mining FoF Reg(G),Jay Kothari,FOF-OVR,9.21,5.95,2.86,-5.99,1.08,0.84,8.06,-5.62,-1.7,-8.78,FoFs : Overseas
Edelweiss Aggressive Hybrid Fund Reg(G),Bharat Lahoti,HY-MULTI,1.46,2.53,0.52,5.78,4.53,1.72,1.9,-4.81,-0.13,1.05,Hybrid : Multi Asset Allocation
Edelweiss Arbitrage Fund Reg(G),Bhavesh Jain,HY-ARB,0.64,0.68,0.6,0.61,0.58,0.55,0.49,0.64,0.51,0.66,Hybrid : Arbitrage
Edelweiss ASEAN Equity Off Shore Fund Reg(G),Bhavesh Jain,FOF-OVR,2,-1.5,-0.43,1.62,3.91,6.9,6.35,-4.08,0.8,-0.39,FoFs : Overseas
Edelweiss Balanced Advantage Fund Reg(G),Bhavesh Jain,HY-DYN,0.8,2.99,0.45,3.64,3.22,1.49,1.16,-4.26,-0.04,-0.36,Hybrid : Dynamic Asset Allocation
Edelweiss Banking and PSU Debt Fund Reg(G),Dhawal Dalal,DT-B&PSU,0.64,0.13,0.85,0.5,1.05,0.78,0.97,0.48,0.44,0.4,Debt : Banking & PSU
Edelweiss Business Cycle Fund Reg(G),Bhavesh Jain,EQ-THEM,-,-,-,-,-,0.94,1.03,-8.43,-1.42,1.62,Equity : Thematic
Edelweiss CRISIL IBX 50:50 Gilt Plus SDL April 2037 Index Fund Reg(G),Dhawal Dalal,DT-LD,0.83,-0.42,1.67,0.78,0.94,1.08,1.43,0.12,0.43,0.68,Debt : Long Duration
Edelweiss CRISIL IBX 50:50 Gilt Plus SDL June 2027 Index Fund Reg(G),Dhawal Dalal,DT-M&LD,0.53,0.32,0.88,0.7,0.96,0.68,0.73,0.43,0.54,0.47,Debt : Medium to Long Duration
Edelweiss CRISIL IBX 50:50 Gilt Plus SDL Sep 2028 Index Fund Reg(G),Dhawal Dalal,DT-M&LD,0.58,0.16,0.99,0.69,1.11,0.74,0.9,0.37,0.54,0.46,Debt : Medium to Long Duration
Edelweiss CRISIL IBX 50:50 Gilt Plus SDL Short Duration Index Fund Reg(G),Rahul Dedhia,DT-SD,0.49,0.38,0.83,0.65,0.99,0.68,0.79,0.37,0.52,0.5,Debt : Short Duration
Edelweiss CRISIL IBX AAA Financial Services Bond   Jan 2028 Index Fund Reg(G),Dhawal Dalal,DT-M&LD,-,-,-,-,-,-,-,-,-,0.59,Debt : Medium to Long Duration
Edelweiss CRISIL PSU Plus SDL 50:50 Oct 2025 Index Fund Reg(G),Dhawal Dalal,DT-MD,0.61,0.52,0.65,0.55,0.75,0.55,0.64,0.59,0.49,0.56,Debt : Medium Duration
Edelweiss ELSS Tax saver Fund Reg(G),Ashwani Agarwalla,EQ-ELSS,1.15,3.19,1.75,8.25,2.96,2.07,1.88,-5.3,0.5,-0.89,Equity : Tax Saving (ELSS)
Edelweiss Emerging Markets Opp Eq. Offshore Fund Reg(G),Bhavesh Jain,FOF-OVR,2.13,0.75,-0.45,5.21,-1.16,0.49,4.15,-5.38,-2.28,2.15,FoFs : Overseas
Edelweiss Equity Savings Fund Reg(G),Bharat Lahoti,HY-EQ,0.69,1.44,0.8,2.52,1.61,1.31,1.11,-1.17,0.21,1.44,Hybrid : Equity Oriented
Edelweiss Europe Dynamic Equity Off shore Fund Reg(G),Bhavesh Jain,FOF-OVR,7.07,-2.23,3.96,-3.4,2.58,3.72,0.29,-4.45,-1.98,-1.92,FoFs : Overseas
Edelweiss Flexi Cap Fund Reg(G),Trideep Bhattacharya,EQ-FLEX,1.53,4.26,2.37,8.6,3.49,2.11,2.49,-5.71,0.73,-0.83,Equity : Flexi Cap
Edelweiss Focused Fund Reg(G),Trideep Bhattacharya,EQ-FLEX,1.21,3.02,2.18,9.1,2.89,2.45,1.51,-5.64,1.29,-0.24,Equity : Flexi Cap
Edelweiss Gold and Silver ETF FoF Reg(G),Bhavesh Jain,FOF-DOM,6.9,7.29,7.86,-2.86,-4.29,2.47,5.55,5.98,-5.67,-2.12,FoFs : Domestic
Edelweiss Gold ETF,Amit Vora,GOLD-ETF,7.72,6.54,0.78,-0.78,-3.44,3.67,4.54,5.29,-3.43,-0.66,Gold : ETFs
Edelweiss Government Securities Fund Reg(G),Rahul Dedhia,DT-GILT,0.84,-0.7,1.93,0.57,0.94,0.96,1.45,-0.24,0.37,0.37,Debt : Gilt
Edelweiss Gr China Equity Off Shore Fund Reg(G),Bhavesh Jain,FOF-OVR,1.81,4.03,0.96,1.22,-4.78,1.78,17.17,-4.91,-3.71,4.87,FoFs : Overseas
Edelweiss Large & Mid Cap Fund Reg(G),Sumanta Khan,EQ-L&M,0.45,3.34,1.24,9.44,3.7,2.2,2.39,-5.05,1.23,-0.07,Equity : Large & Mid Cap
Edelweiss Large Cap Fund Reg(G),Bharat Lahoti,EQ-LC,1.8,2.71,0.22,6.58,4.29,1.73,1.94,-6.38,-0.86,-1.13,Equity : Large Cap
Edelweiss Liquid Fund Reg(G),Rahul Dedhia,DT-LIQ,0.64,0.62,0.6,0.57,0.6,0.58,0.58,0.59,0.56,0.59,Debt : Liquid
Edelweiss Mid Cap Fund Reg(G),Trideep Bhattacharya,EQ-MID,-0.46,6.29,3.33,10.56,3.81,3.46,2.06,-4.04,1.76,1.44,Equity : Mid Cap
Edelweiss Money Market Fund Reg(G),Pranavi Kulkarni,DT-DYN,0.69,0.55,0.55,0.5,0.65,0.51,0.6,0.58,0.5,0.54,Debt : Dynamic Bond
Edelweiss MSCI India Domestic & World Healthcare 45 Index Fund Reg(G),Bhavesh Jain,EQ-INDX,1.2,-1.07,-0.23,5.38,6.22,6.06,0.57,-2.41,-2.08,2.61,Equity : Index Funds
Edelweiss Multi Asset Allocation Fund Reg(G),Bhavesh Jain,HY-MULTI,0.72,0.69,0.67,0.51,0.71,0.81,0.77,0.56,0.54,0.56,Hybrid : Multi Asset Allocation
Edelweiss Multi Cap Fund Reg(G),Trideep Bhattacharya,EQ-MLC,0.63,4.63,1,10.05,3.51,3.41,2.01,-4.86,0.88,-0.53,Equity : Multi Cap
Edelweiss Nifty 100 Quality 30 Index Fund Reg(G),Bhavesh Jain,EQ-INDX,0.43,1.43,3.38,5.5,6.36,1.89,2.56,-8.49,-0.22,-3.11,Equity : Index Funds
Edelweiss Nifty 50 Index Fund Reg(G),Bhavesh Jain,EQ-INDX,1.44,1.19,-0.02,6.52,3.9,1.32,2.23,-6.16,-0.31,-2.07,Equity : Index Funds
Edelweiss Nifty Alpha Low Volatility 30 Index Fund Reg(G),Bhavesh Jain,EQ-INDX,-,-,-,5.86,6.46,1.71,2.53,-8.54,-2.49,-2.02,Equity : Index Funds
Edelweiss Nifty Bank ETF,Bhavesh Jain,EQ-ETF,-,-,-,-,-,-,-,-2.84,1.12,-2.31,Equity : ETFs
Edelweiss NIFTY Large Mid Cap 250 Index Fund Reg(G),Bhavesh Jain,EQ-INDX,0.59,4.2,1.39,7.17,4.51,0.71,2.0,-6.64,0.05,-0.61,Equity : Index Funds
Edelweiss Nifty Midcap150 Momentum 50 Index Fund Reg(G),Bhavesh Jain,EQ-INDX,1.47,7.52,4.46,5.17,4.54,1.16,0.88,-6.06,1.09,0.75,Equity : Index Funds
Edelweiss Nifty Next 50 Index Fund Reg(G),Bhavesh Jain,EQ-INDX,2.75,6.92,4.01,5.91,4.59,0.71,2.2,-9.34,1.17,-3.81,Equity : Index Funds
Edelweiss Nifty PSU Bond Plus SDL Apr 2026 50:50 Index Fund Reg(G),Dhawal Dalal,DT-B&PSU,0.63,0.46,0.69,0.57,0.78,0.6,0.63,0.65,0.46,0.54,Debt : Banking & PSU
Edelweiss Nifty PSU Bond Plus SDL Apr 2027 50:50 Index Fund Reg(G),Dhawal Dalal,DT-M&LD,0.62,0.41,0.79,0.6,0.91,0.62,0.76,0.59,0.47,0.51,Debt : Medium to Long Duration
Edelweiss Nifty Smallcap 250 Index Fund Reg(G),Bhavesh Jain,EQ-INDX,-4.15,10.37,-1.34,9.45,4.9,1.29,1.19,-3.65,-0.19,0.11,Equity : Index Funds
Edelweiss Nifty500 Multicap Momentum Quality 50 ETF,Bhavesh Jain,EQ-ETF,-,-,-,-,-,-,-,-,1.73,-2.87,Equity : ETFs
Edelweiss Nifty500 Multicap Momentum Quality 50 Index Fund Reg(G),Bhavesh Jain,EQ-INDX,-,-,-,-,-,-,-,-,1.68,-2.95,Equity : Index Funds
Edelweiss Overnight Fund Reg(G),Pranavi Kulkarni,DT-ON,0.55,0.53,0.54,0.53,0.53,0.53,0.52,0.53,0.52,0.55,Debt : Overnight
Edelweiss Recently Listed IPO Fund Reg(G),Bhavesh Jain,EQ-THEM,-3.35,6.48,-2.32,9.39,3.01,2.34,3.19,-5.38,4.05,3.54,Equity : Thematic
Edelweiss Silver ETF,Amit Vora,GOLD-ETF,6.71,7.71,14.91,-4.74,-5.6,2.42,5.25,7.56,-7.3,-3.86,Gold : ETFs
Edelweiss Small Cap Fund Reg(G),Trideep Bhattacharya,EQ-SML,-1.09,6.88,0.07,9.82,3.59,2.36,2.35,-2.83,0.82,-0.53,Equity : Small Cap
Edelweiss Technology Fund Reg(G),Sumanta Khan,EQ-TECH,-,-1.68,1.82,10.48,5.83,3.28,0.07,-3.04,4.81,0.85,Equity : Sectoral - Technology
Edelweiss US Technology Equity FOF Reg(G),Bhavesh Jain,FOF-OVR,1.24,-4.79,0.57,9.6,-6.73,2.14,3.07,0.97,11.61,-0.61,FoFs : Overseas
Edelweiss US Value Equity Offshore Fund Reg(G),Bhavesh Jain,FOF-OVR,4.49,-2.3,0.8,0.76,3.87,1.95,1.01,0.85,6.68,-6.96,FoFs : Overseas
Franklin Asian Equity Fund(G),Shyam Sundar Sriram,EQ-INTL,4.28,-0.27,-0.34,6.92,1.11,1.64,5.6,-3.9,-2.25,1.95,Equity : International
Franklin Build India Fund(G),Ajay Argal,EQ-INFRA,0.64,8.21,3.23,6.2,2.77,-0.39,0.57,-3.54,0.08,-2.91,Equity : Sectoral - Infrastructure
Franklin India Arbitrage Fund Reg(G),Rajasa Kakulavarapu,HY-ARB,-,-,-,-,-,-,-,-,-,0.54,Hybrid : Arbitrage
Franklin India Balanced Advantage Fund Reg(G),Rajasa Kakulavarapu,HY-DYN,0.21,2.59,1.16,3.41,2.21,0.95,0.52,-1.72,0.97,0.51,Hybrid : Dynamic Asset Allocation
Franklin India Banking & PSU Debt Fund(G),Chandni Gupta,DT-B&PSU,0.61,0.45,0.65,0.49,0.91,0.62,0.76,0.57,0.48,0.58,Debt : Banking & PSU
Franklin India Bluechip Fund(G),Venkatesh Sanjeevi,EQ-LC,1.54,0.79,0.24,8.16,4.31,1.59,3.15,-6.56,1.08,-1.58,Equity : Large Cap
Franklin India Corp Debt Fund A(G),Anuj Tagra,DT-CORP,0.61,0.42,0.7,0.5,0.88,0.62,0.75,0.64,0.59,0.53,Debt : Corporate Bond
Franklin India Debt Hybrid Fund(G),Rohan Maru,HY-DT(CO),0.52,1.28,0.88,1.92,1.8,0.9,0.85,-0.87,0.63,0.3,Hybrid : Debt Oriented (Conservative)
Franklin India Dynamic Asset Allocation FOFs(G),Rajasa Kakulavarapu,FOF-DOM,0.65,1.85,0.72,3.21,2.25,1.16,1.14,-2.03,0.62,0.08,FoFs : Domestic
Franklin India ELSS Tax Saver Fund(G),R. Janakiraman,EQ-ELSS,0.62,3.84,0.8,7.2,4.6,1.66,1.93,-5.35,1.03,-0.21,Equity : Tax Saving (ELSS)
Franklin India Equity Advantage Fund(G),Venkatesh Sanjeevi,EQ-L&M,0.29,3.06,0.3,10.09,4.4,1.5,3.78,-7.17,1.12,-1.23,Equity : Large & Mid Cap
Franklin India Equity Hybrid Fund(G),Rajasa Kakulavarapu,HY-EQ,0.4,2.78,1.04,4.66,3.63,1.32,0.77,-3.27,0.97,0.12,Hybrid : Equity Oriented
Franklin India Equity Savings Fund(G),Rajasa Kakulavarapu,HY-EQ,0.46,0.98,0.83,1.34,1.61,0.8,0.48,-0.44,0.73,0.21,Hybrid : Equity Oriented
Franklin India Feeder   Franklin U.S. Opportunities Fund(G),Sandeep Manam,FOF-OVR,1.96,-5.18,4.15,5.91,-2.08,3.3,2.5,-1.08,6.64,-1.86,FoFs : Overseas
Franklin India Feeder   Templeton European Opportunities Fund(G),Sandeep Manam,FOF-OVR,4.14,-1.52,8.46,-4.1,5.56,2.75,-0.07,-6.42,-1.91,-1.13,FoFs : Overseas
Franklin India Flexi Cap Fund(G),R. Janakiraman,EQ-FLEX,0.66,3.96,0.82,7,4.48,1.67,1.78,-5.23,0.85,-0.21,Equity : Flexi Cap
Franklin India Floating Rate Fund(G),Pallab Roy,DT-FL,0.82,0.72,0.58,0.62,1.05,0.69,0.64,0.51,0.6,0.45,Debt : Floater
Franklin India Focused Equity Fund(G),Ajay Argal,EQ-MLC,1.94,3.54,0.8,6.82,3.16,1.96,2.51,-7.26,1.35,-1.27,Equity : Multi Cap
Franklin India G Sec Fund(G),Anuj Tagra,DT-GILT,0.48,0.25,0.83,0.5,1,0.82,1.01,0.18,0.55,0.51,Debt : Gilt
Franklin India Liquid Fund Super Inst(G),Pallab Roy,DT-LIQ,0.64,0.62,0.6,0.57,0.61,0.58,0.59,0.59,0.57,0.59,Debt : Liquid
Franklin India Medium to Long Duration Fund Reg(G),Chandni Gupta,DT-M&LD,-,-,-,-,-,-,-,0.04,0.75,0.48,Debt : Medium to Long Duration
Franklin India Money Market Fund(G),Rohan Maru,DT-MM,0.73,0.6,0.61,0.55,0.69,0.56,0.66,0.6,0.55,0.62,Debt : Money Market
Franklin India Multi Cap Fund Reg(G),R. Janakiraman,EQ-MLC,-,-,-,-,-,2.32,1.48,-4.96,1.28,0.13,Equity : Multi Cap
Franklin India Multi Asset Solution FoF(G),Rajasa Kakulavarapu,FOF-DOM,2.49,2.29,0.24,2.81,0.82,1.69,2.02,-1.72,0.03,-0.37,FoFs : Domestic
Franklin India NSE Nifty 50 Index Fund(G),Shyam Sundar Sriram,EQ-INDX,1.51,1.18,-0.05,6.68,3.9,1.29,2.33,-6.14,-0.3,-2.06,Equity : Index Funds
Franklin India Opportunities Fund(G),R. Janakiraman,EQ-THEM,-0.3,10.15,4.23,7.39,3.58,1.69,0.67,-4.22,1.52,0.13,Equity : Thematic
Franklin India Overnight Fund(G),Pallab Roy,DT-ON,0.55,0.53,0.55,0.53,0.53,0.53,0.52,0.53,0.52,0.55,Debt : Overnight
Franklin India Pension Plan(G),Anuj Tagra,HY-SOL,0.4,1.76,0.85,2.84,2.54,0.96,0.7,-1.65,0.74,0.3,Hybrid : Solution Oriented
Franklin India Prima Fund(G),R. Janakiraman,EQ-MID,-0.52,6.33,3.2,9.86,4.83,1.92,1.91,-4.52,0.94,1.01,Equity : Mid Cap
Franklin India Smaller Cos Fund(G),R. Janakiraman,EQ-SML,-2.13,9.35,1.9,9.61,3.55,-0.41,0.36,-3.72,0.3,-0.15,Equity : Small Cap
Franklin India ST Income Plan(G),Santosh Kamath,DT-SD,0,0,0,0,0,0,0.0,0.0,0.0,0.0,Debt : Short Duration
Franklin India Technology Fund(G),R. Janakiraman,EQ-TECH,-1.88,2.36,-3.37,9.88,7.69,4.22,-1.55,-4.79,4.8,0.68,Equity : Sectoral - Technology
Franklin India Ultra Short Duration Fund Reg(G),Rohan Maru,DT-USD,-,-,-,-,-,-,0.61,0.6,0.52,0.54,Debt : Ultra Short Duration
Groww Aggressive Hybrid Fund Reg(G),Anupam Tiwari,HY-EQ,1.75,2.25,1.67,4,1.74,0.17,2.07,-3.9,0.12,-2.01,Hybrid : Equity Oriented
Groww Banking & Financial Services Fund Reg(G),Anupam Tiwari,EQ-FIN,0.94,4.15,-1.53,5.8,-0.38,0.74,3.15,-1.64,0.0,-0.85,Equity : Sectoral - Financial Services
Groww Dynamic Bond Fund Reg(G),Kaustubh Sule,DT-DYN,0.4,0.04,0.82,0.41,0.92,0.51,1.37,0.03,0.39,0.4,Debt : Dynamic Bond
Groww ELSS Tax Saver Fund Reg(G),Anupam Tiwari,EQ-ELSS,0.95,2.88,1.02,6.28,2.51,1.96,1.92,-4.94,1.43,-1.07,Equity : Tax Saving (ELSS)
Groww Gold ETF,Wilfred Gonsalves,GOLD-ETF,-,-,-,-,-,-,-,-,-3.41,-0.66,Gold : ETFs
Groww Gold ETF FOF Reg(G),Wilfred Gonsalves,GOLD-MF,-,-,-,-,-,-,-,-,-,-0.8,Gold : MFs
Groww Largecap Fund Reg(G),Anupam Tiwari,EQ-LC,2.31,2.03,1.66,5.81,2.15,0.43,2.23,-6.24,0.43,-2.49,Equity : Large Cap
Groww Liquid Fund Reg(G),Kaustubh Sule,DT-LIQ,0.64,0.63,0.6,0.56,0.61,0.56,0.6,0.59,0.54,0.6,Debt : Liquid
Groww Nifty 1D Rate Liquid ETF,Kaustubh Sule,DT-ETF,-,-,-,-,-,-,-,0.53,0.49,0.58,Debt : ETFs
Groww Nifty EV & New Age Automotive ETF,Abhishek Jain,EQ-ETF,-,-,-,-,-,-,2.95,-10.66,-2.17,-2.72,Equity : ETFs
Groww Nifty EV & New Age Automotive ETF FOF Reg(G),Abhishek Jain,FOF-DOM,-,-,-,-,-,-,2.99,-10.68,-2.42,-2.68,FoFs : Domestic
Groww Nifty India Defence ETF,Abhishek Jain,EQ-ETF,-,-,-,-,-,-,-,-,5.64,-3.23,Equity : ETFs
Groww Nifty India Defence ETF FOF Reg(G),Abhishek Jain,FOF-DOM,-,-,-,-,-,-,-,-,5.22,-2.74,FoFs : Domestic
Groww Nifty Non Cyclical Consumer Index Fund Reg(G),Abhishek Jain,EQ-INDX,-,-,-,7.19,6.55,4.32,4.6,-10.38,0.41,-0.58,Equity : Index Funds
Groww Nifty Smallcap 250 Index Fund Reg(G),Abhishek Jain,EQ-INDX,-4.39,10.3,-1.38,9.43,4.87,1.3,1.15,-3.64,-0.22,0.09,Equity : Index Funds
Groww Nifty Total Market Index Fund Reg(G),Abhishek Jain,EQ-INDX,0.47,3.76,0.56,7.07,4.37,0.96,2.08,-6.32,0.0,-1.43,Equity : Index Funds
Groww Overnight Fund Reg(G),Kaustubh Sule,DT-ON,0.55,0.53,0.55,0.53,0.54,0.52,0.54,0.52,0.49,0.56,Debt : Overnight
Groww Short Duration Fund Reg(G),Kaustubh Sule,DT-SD,0.43,0.27,0.67,0.56,0.9,0.61,0.71,0.4,0.42,0.47,Debt : Short Duration
Groww Value Fund Reg(G),Anupam Tiwari,EQ-VAL,0.59,2.41,0.63,5.29,3.55,0.53,1.79,-4.4,0.31,-2.83,Equity : Value / Contra
HDFC Arbitrage WP(G),Arun Agarwal,HY-ARB,0.63,0.69,0.58,0.64,0.61,0.6,0.49,0.64,0.5,0.64,Hybrid : Arbitrage
HDFC Asset Allocator FoF Reg(G),Srinivasan Ramamurthy,FOF-DOM,1.51,2.65,0.82,3.19,1.88,1.25,1.94,-1.38,-0.37,-0.49,FoFs : Domestic
HDFC Balanced Advantage Fund(G),Gopal Agrawal,HY-DYN,0.52,3.67,2.44,2.92,3.62,0.29,0.38,-2.43,0.09,-0.78,Hybrid : Dynamic Asset Allocation
HDFC Banking & Financial Services Fund Reg(G),Anand Laddha,EQ-FIN,-0.21,6.22,-1.29,7.77,-0.43,1.1,3.16,-3.39,-0.41,-1.16,Equity : Sectoral - Financial Services
HDFC Banking and PSU Debt Fund Reg(G),Anil Bamboli,DT-B&PSU,0.65,0.26,0.86,0.5,0.89,0.7,0.83,0.52,0.46,0.54,Debt : Banking & PSU
HDFC BSE 500 ETF,Abhishek Mor,EQ-ETF,0.83,3.41,0.81,7.02,4.41,0.93,2.06,-6.47,-0.03,-1.52,Equity : ETFs
HDFC BSE 500 Index Fund Reg(G),Nirman Morakhia,EQ-INDX,0.78,3.33,0.63,6.86,4.24,0.88,2.01,-6.5,-0.03,-1.57,Equity : Index Funds
HDFC BSE Sensex ETF,Abhishek Mor,EQ-ETF,1.58,1.13,-0.33,7.07,3.51,0.95,2.34,-5.71,0.56,-2.1,Equity : ETFs
HDFC BSE Sensex Index Fund(G)(Post Addendum),Nirman Morakhia,EQ-INDX,1.58,1.1,-0.36,7.03,3.48,0.92,2.31,-5.73,0.53,-2.13,Equity : Index Funds
HDFC Business Cycle Fund Reg(G),Rahul Baijal,EQ-THEM,1.2,2.62,0.32,6.54,3.72,1.76,2.17,-6.38,0.86,-0.22,Equity : Thematic
HDFC Capital Builder Value Fund(G),Anand Laddha,EQ-VAL,0.07,4.55,1.68,7.6,4.46,1.8,2.19,-5.13,-0.58,-1.46,Equity : Value / Contra
HDFC Childrens Fund,Chirag Setalvad,HY-SOL,0.15,3.91,1.4,4.42,3.24,0.58,1.47,-2.13,0.4,-0.29,Hybrid : Solution Oriented
HDFC Corp Bond Fund(G),Anupam Joshi,DT-CORP,0.74,0.39,0.85,0.57,0.89,0.75,0.97,0.56,0.5,0.51,Debt : Corporate Bond
HDFC Credit Risk Debt Fund (G),Shobhit Mehrotra,DT-CR,0.76,0.26,0.74,0.5,0.85,1,0.81,0.62,0.37,0.42,Debt : Credit Risk
HDFC Defence Fund Reg(G),Abhishek Poddar,EQ-THEM,1.87,14.53,14.34,8.84,0.2,-4.69,-3.49,-2.73,5.87,-3.96,Equity : Thematic
HDFC Developed World Indexes FoF Reg(G),Nirman Morakhia,FOF-OVR,3.9,-2.47,2.63,3.17,1.48,2.44,1.68,-0.42,3.47,0.21,FoFs : Overseas
HDFC Dividend Yield Fund Reg(G),Gopal Agrawal,EQ-DIV,0.27,4.01,0.74,6.86,5.68,0.86,1.6,-6.09,-0.89,-1.43,Equity : Thematic - Dividend Yield
HDFC Dynamic Debt Fund(G),Anil Bamboli,DT-DYN,0.9,-0.39,1.48,0.63,0.9,1.02,1.35,-0.12,0.4,0.34,Debt : Dynamic Bond
HDFC Dynamic PE Ratio FOF Reg(G),Srinivasan Ramamurthy,FOF-DOM,0.26,1.96,0.6,3.31,2.95,0.83,1.23,-1.85,0.24,0.01,FoFs : Domestic
HDFC ELSS Tax saver(G),Roshi Jain,EQ-ELSS,1.04,3.55,2.27,6.5,3.33,1.94,2.25,-4.9,0.02,-1.41,Equity : Tax Saving (ELSS)
HDFC Equity Savings Fund(G),Srinivasan Ramamurthy,HY-EQ,0.7,1.21,0.51,2.19,2.12,0.86,0.89,-1.38,0.01,-0.28,Hybrid : Equity Oriented
HDFC Flexi Cap Fund(G),Roshi Jain,EQ-FLEX,1.19,3.26,2.11,6.51,3.3,1.71,2.93,-3.74,0.33,-1.27,Equity : Flexi Cap
HDFC Floating Rate Debt Fund(G),Shobhit Mehrotra,DT-FL,0.79,0.7,0.59,0.63,0.95,0.69,0.6,0.73,0.53,0.52,Debt : Floater
HDFC Focused 30 Fund(G),Roshi Jain,EQ-MLC,1.49,3.5,2.23,6.56,2.86,1.48,3.38,-3.56,0.73,-1.63,Equity : Multi Cap
HDFC Gilt Fund(G),Anil Bamboli,DT-GILT,0.68,-0.36,1.63,0.67,0.98,0.96,1.44,-0.18,0.52,0.48,Debt : Gilt
HDFC Gold ETF,Bhagyesh Kagalkar,GOLD-ETF,8.37,5.47,1.01,-0.4,-3.63,3.67,4.56,5.37,-3.51,-0.66,Gold : ETFs
HDFC Gold ETF FoF(G),Nirman Morakhia,GOLD-MF,7.58,7.76,0.47,-0.48,-3.29,3.23,4.3,5.03,-3.78,-0.42,Gold : MFs
HDFC Housing Opp Fund Reg(G),Srinivasan Ramamurthy,EQ-INFRA,-0.03,6.81,1.92,8.08,1.66,-1.39,1.54,-5.09,-2.81,-0.84,Equity : Sectoral - Infrastructure
HDFC Hybrid Debt Fund(G),Srinivasan Ramamurthy,HY-DT(CO),0.58,0.99,1.16,1.57,2.05,0.83,0.74,-0.84,0.15,-0.09,Hybrid : Debt Oriented (Conservative)
HDFC Hybrid Equity Fund(G),Chirag Setalvad,HY-EQ,0.59,2.33,0.89,4.66,2.73,0.55,1.02,-2.77,0.66,-0.79,Hybrid : Equity Oriented
HDFC Income Fund(G),Shobhit Mehrotra,DT-M&LD,0.93,-0.42,1.45,0.62,0.92,0.95,1.23,-0.03,0.44,0.45,Debt : Medium to Long Duration
HDFC Infrastructure Fund(G),Srinivasan Ramamurthy,EQ-INFRA,0.24,7.48,2.07,6.04,4.18,-0.94,0.87,-4.06,-1.52,-1.55,Equity : Sectoral - Infrastructure
HDFC Large and Mid Cap Fund Reg(G),Gopal Agrawal,EQ-L&M,0.31,4.87,1.27,7.23,5.05,0.8,1.77,-6.36,0.16,-0.58,Equity : Large & Mid Cap
HDFC Liquid Fund(G),Anupam Joshi,DT-LIQ,0.65,0.62,0.59,0.56,0.6,0.57,0.58,0.58,0.56,0.58,Debt : Liquid
HDFC Long Duration Debt Fund Reg(G),Shobhit Mehrotra,DT-LD,1,-1.53,2.42,1.31,0.69,1.15,1.86,-0.46,0.05,0.57,Debt : Long Duration
HDFC Low Duration Fund(G),Anupam Joshi,DT-LOWD,0.71,0.64,0.55,0.55,0.74,0.54,0.58,0.68,0.48,0.53,Debt : Low Duration
HDFC Manufacturing Fund Reg(G),Rakesh Sethia,EQ-THEM,-,-,-,5.28,4.57,-0.27,1.84,-7.15,-0.61,-1.44,Equity : Thematic
HDFC Medium Term Debt Fund(G),Shobhit Mehrotra,DT-MD,0.67,0.14,0.95,0.53,0.9,0.85,0.96,0.39,0.45,0.44,Debt : Medium Duration
HDFC Mid Cap Opportunities Fund(G),Chirag Setalvad,EQ-MID,-0.11,4.27,2.48,7.13,6.24,-0.67,2.69,-4.09,0.4,1.68,Equity : Mid Cap
HDFC MNC Fund Reg(G),Rahul Baijal,EQ-MNC,-0.1,3.69,4.16,7.55,3.03,-1.09,3.37,-8.29,-0.79,-2.17,Equity : Thematic - MNC
HDFC Money Market Fund Reg(G),Praveen Jain,DT-MM,0.76,0.6,0.61,0.55,0.69,0.55,0.65,0.61,0.55,0.6,Debt : Money Market
HDFC Multi Cap Fund Reg(G),Gopal Agrawal,EQ-MLC,-0.66,5.93,0.88,8.33,5.09,0.73,1.46,-6.13,-0.34,0.31,Equity : Multi Cap
HDFC Multi Asset Fund(G),Srinivasan Ramamurthy,HY-MULTI,1.34,2.36,0.49,3.84,2.49,1.24,1.53,-1.8,-0.58,-0.76,Hybrid : Multi Asset Allocation
HDFC NIFTY 100 Equal Weight Index Fund Reg(G),Nirman Morakhia,EQ-INDX,1.88,3.38,2.01,5.54,5.49,0.56,2.39,-8.47,-0.93,-2.43,Equity : Index Funds
HDFC Nifty 100 ETF,Abhishek Mor,EQ-ETF,1.73,2.23,0.61,6.46,4.12,1.12,2.31,-6.74,-0.01,-2.24,Equity : ETFs
HDFC NIFTY 100 Index Fund Reg(G),Nirman Morakhia,EQ-INDX,1.76,2.17,0.57,6.36,4.05,1.08,2.27,-6.78,-0.06,-2.28,Equity : Index Funds
HDFC Nifty 1D Rate Liquid ETF,Swapnil Jangam,DT-ETF,0.52,0.47,0.51,0.5,0.53,0.45,0.44,0.5,0.4,0.5,Debt : ETFs
HDFC Nifty 50 ETF,Abhishek Mor,EQ-ETF,1.56,1.24,0.02,6.74,3.98,1.35,2.27,-6.12,-0.26,-2.02,Equity : ETFs
HDFC Nifty 50 Index Fund(G)(Post Addendum),Nirman Morakhia,EQ-INDX,1.56,1.2,-0.01,6.7,3.94,1.32,2.24,-6.15,-0.29,-2.05,Equity : Index Funds
HDFC NIFTY Bank ETF,Abhishek Mor,EQ-ETF,2.15,4.81,-0.32,6.91,-1.49,-0.18,3.15,-2.85,1.13,-2.32,Equity : ETFs
HDFC NIFTY G Sec Apr 2029 Index Fund Reg(G),Anupam Joshi,DT-M&LD,0.66,-0.01,1.13,0.64,1.24,0.77,0.96,0.15,0.71,0.49,Debt : Medium to Long Duration
HDFC Nifty G Sec Dec 2026 Index Fund Reg(G),Anupam Joshi,DT-GILT,0.58,0.29,0.89,0.59,0.85,0.65,0.74,0.43,0.51,0.53,Debt : Gilt
HDFC Nifty G Sec Jul 2031 Index Fund Reg(G),Anupam Joshi,DT-GILT,0.57,-0.17,1.45,0.64,1.25,0.89,1.31,-0.03,0.5,0.61,Debt : Gilt
HDFC Nifty G Sec Jun 2027 Index Fund Reg(G),Anupam Joshi,DT-GILT,0.58,0.19,0.92,0.69,0.96,0.71,0.75,0.34,0.65,0.44,Debt : Gilt
HDFC NIFTY G Sec Jun 2036 Index Fund Reg(G),Anupam Joshi,DT-LD,0.84,-0.46,1.78,0.75,1.04,1.11,1.34,-0.09,0.66,0.54,Debt : Long Duration
HDFC Nifty G Sec Sep 2032 Index Fund Reg(G),Anupam Joshi,DT-GILT,0.71,-0.2,1.43,0.54,1.26,0.9,1.44,-0.06,0.7,0.48,Debt : Gilt
HDFC NIFTY Growth Sectors 15 ETF,Abhishek Mor,EQ-ETF,-1.94,-2.45,-0.83,5.64,11.43,2.86,0.91,-8.65,1.96,-0.5,Equity : ETFs
HDFC NIFTY IT ETF,Abhishek Mor,EQ-ETF,-7.5,-4.88,-1.62,11.63,13.11,4.75,-1.99,-3.12,6.74,0.4,Equity : ETFs
HDFC Nifty LargeMidcap 250 Index Fund Reg(G),Nirman Morakhia,EQ-INDX,-,-,-,-,-,-,-,-,0.04,-0.61,Equity : Index Funds
HDFC NIFTY Midcap 150 ETF,Abhishek Mor,EQ-ETF,-0.35,6.32,2.2,7.96,5.02,0.36,1.76,-6.43,0.18,1.11,Equity : ETFs
HDFC NIFTY Midcap 150 Index Fund Reg(G),Nirman Morakhia,EQ-INDX,-0.42,6.24,2.12,7.84,4.93,0.3,1.7,-6.49,0.13,1.03,Equity : Index Funds
HDFC NIFTY Next 50 ETF,Abhishek Mor,EQ-ETF,2.8,7.04,4.11,5.97,4.65,0.78,2.35,-9.3,1.21,-3.78,Equity : ETFs
HDFC NIFTY Next 50 Index Fund Reg(G),Nirman Morakhia,EQ-INDX,2.81,6.98,3.99,5.78,4.56,0.73,2.3,-9.34,1.19,-4.05,Equity : Index Funds
HDFC NIFTY Private Bank ETF,Abhishek Mor,EQ-ETF,1.93,4.15,-0.95,7.73,-1.37,0.18,3.1,-4.85,0.41,-2.16,Equity : ETFs
HDFC Nifty PSU Bank ETF,Abhishek Mor,EQ-ETF,1.08,8.51,-2.36,-0.14,0.4,-5.57,-3.31,-0.48,1.28,-4.03,Equity : ETFs
HDFC NIFTY Realty Index Fund Reg(G),Nirman Morakhia,EQ-INDX,-,8,4.63,8.29,-0.95,-3.68,4.24,-9.07,1.97,3.07,Equity : Index Funds
HDFC Nifty SDL Oct 2026 Index Fund Reg(G),Anupam Joshi,DT-MD,0.55,0.46,0.77,0.69,0.82,0.7,0.71,0.58,0.43,0.51,Debt : Medium Duration
HDFC NIFTY SDL Plus G Sec Jun 2027 40:60 Index Fund Reg(G),Anupam Joshi,DT-MD,0.53,0.32,0.89,0.69,0.96,0.7,0.74,0.44,0.57,0.47,Debt : Medium Duration
HDFC NIFTY Smallcap 250 ETF,Abhishek Mor,EQ-ETF,-4.3,10.47,-1.28,9.54,4.99,1.35,1.19,-3.59,-0.18,0.2,Equity : ETFs
HDFC NIFTY Smallcap 250 Index Fund Reg(G),Nirman Morakhia,EQ-INDX,-4.36,10.34,-1.37,9.43,4.89,1.28,1.13,-3.64,-0.19,0.06,Equity : Index Funds
HDFC NIFTY100 Low Volatility 30 ETF,Abhishek Mor,EQ-ETF,0.83,-1.45,0.03,6.95,6.07,2.43,3.64,-8.02,-1.83,-0.8,Equity : ETFs
HDFC NIFTY100 Low Volatility 30 Index Fund Reg(G),Nirman Morakhia,EQ-INDX,-,-,-,-,-,2.37,3.57,-8.09,-1.87,-0.85,Equity : Index Funds
HDFC NIFTY100 Quality 30 ETF,Abhishek Mor,EQ-ETF,0.47,1.49,3.45,5.58,6.42,1.94,2.66,-8.45,-0.16,-3.09,Equity : ETFs
HDFC NIFTY200 Momentum 30 ETF,Abhishek Mor,EQ-ETF,2.72,5.81,4.88,3.33,4.94,0.48,1.3,-8.17,-0.75,-4.2,Equity : ETFs
HDFC NIFTY200 Momentum 30 Index Fund Reg(G),Nirman Morakhia,EQ-INDX,2.67,5.75,4.8,3.31,4.88,0.43,1.23,-8.21,-0.78,-4.39,Equity : Index Funds
HDFC NIFTY50 Equal Weight Index Fund Reg(G),Nirman Morakhia,EQ-INDX,1.5,1,0.24,6.29,5.58,1.82,2.61,-8.07,-2.44,-1.94,Equity : Index Funds
HDFC NIFTY50 Value 20 ETF,Abhishek Mor,EQ-ETF,-0.62,1.65,-0.5,6.39,8.51,1.65,0.57,-5.33,0.54,-1.93,Equity : ETFs
HDFC Nifty500 Multicap 50:25:25 Index Fund Reg(G),Nirman Morakhia,EQ-INDX,-,-,-,-,-,-,1.81,-5.93,-0.05,-0.85,Equity : Index Funds
HDFC Non Cyclical Consumer Fund Reg(G),Amit Sinha,EQ-CONS,-1.84,6.2,-0.88,5.8,6.35,5.89,4.95,-8.53,-0.25,0.53,Equity : Thematic - Consumption
HDFC Overnight Fund(G),Anil Bamboli,DT-ON,0.56,0.53,0.54,0.52,0.53,0.53,0.52,0.53,0.51,0.54,Debt : Overnight
HDFC Pharma and Healthcare Fund Reg(G),Nikhil Mathur,EQ-PHRM,-0.78,2.08,-0.43,5.02,11.79,7.32,2.54,0.91,1.14,3.38,Equity : Sectoral - Pharma
HDFC Retirement Savings Fund Equity Plan Reg(G),Srinivasan Ramamurthy,HY-SOL,1.05,3.03,1,6.37,4.1,1.72,1.55,-4.52,-0.6,-0.69,Hybrid : Solution Oriented
HDFC Retirement Savings Fund Hybrid Debt Plan Reg(G),Srinivasan Ramamurthy,HY-SOL,0.47,1.14,0.76,1.9,1.9,1.08,0.81,-0.84,0.03,-0.07,Hybrid : Solution Oriented
HDFC Retirement Savings Fund Hybrid Equity Plan Reg(G),Srinivasan Ramamurthy,HY-SOL,0.13,2.4,0.86,4.99,3.39,1.35,1.4,-3.01,-0.24,-1.13,Hybrid : Solution Oriented
HDFC Short Term Debt Fund(G),Anil Bamboli,DT-SD,0.71,0.38,0.84,0.55,0.91,0.71,0.83,0.55,0.54,0.55,Debt : Short Duration
HDFC Silver ETF,Bhagyesh Kagalkar,GOLD-ETF,7.38,5.13,18.7,-7.27,-4.01,2.4,5.27,7.58,-7.31,-3.87,Gold : ETFs
HDFC Silver ETF FoF Reg(G),Nirman Morakhia,GOLD-MF,5.84,8.72,14.67,-3.9,-5.82,1.84,5.51,7.38,-7.79,-3.86,Gold : MFs
HDFC Small Cap Fund Reg(G),Chirag Setalvad,EQ-SML,-2.51,7.07,-2.27,7.63,5.18,1.87,-0.06,-1.53,0.16,-0.57,Equity : Small Cap
HDFC Technology Fund Reg(G),Balakumar B,EQ-TECH,-4.18,-0.26,-1.8,9.95,11.7,6.28,-0.58,-3.47,5.45,0.64,Equity : Sectoral - Technology
HDFC Large Cap Fund(G),Rahul Baijal,EQ-LC,1.67,1.85,0.46,5.32,4.71,1.45,2.03,-6.52,-0.43,-2.05,Equity : Large Cap
HDFC Transportation and Logistics Fund Reg(G),Priya Ranjan,EQ-AUTO,4.07,6.15,3.5,8.9,4.49,-0.37,2.39,-10.71,0.63,-1.68,Equity : Sectoral - Auto
HDFC Ultra Short Term Fund Reg(G),Anil Bamboli,DT-USD,0.7,0.62,0.59,0.54,0.66,0.55,0.62,0.61,0.52,0.6,Debt : Ultra Short Duration
Helios Balanced Advantage Fund Reg(G),Alok Bahl,HY-DYN,-,3.16,0.48,3.91,1.38,0.63,0.63,-1.7,1.18,0.18,Hybrid : Dynamic Asset Allocation
Helios Financial Services Fund Reg(G),Alok Bahl,EQ-FIN,-,-,-,-,0.69,2.43,3.71,-0.73,0.65,-1.1,Equity : Sectoral - Financial Services
Helios Flexi Cap Fund Reg(G),Alok Bahl,EQ-FLEX,1.88,6.04,0.4,6.06,2.97,1.37,1.78,-3.21,2.24,0.42,Equity : Flexi Cap
Helios Large & Mid Cap Fund Reg(G),Alok Bahl,EQ-L&M,-,-,-,-,-,-,-,-,1.9,0.49,Equity : Large & Mid Cap
Helios Overnight Fund Reg(G),Alok Bahl,DT-ON,0.55,0.53,0.54,0.53,0.53,0.51,0.53,0.52,0.51,0.56,Debt : Overnight
HSBC Aggressive Hybrid Fund Reg(G),Cheenu Gupta,HY-EQ,1,5.36,2.38,5.8,3.78,-0.1,0.62,-3.34,1.87,0.99,Hybrid : Equity Oriented
HSBC Arbitrage Fund Reg(G),Praveen Ayathan,HY-ARB,0.58,0.65,0.58,0.59,0.59,0.53,0.51,0.58,0.47,0.61,Hybrid : Arbitrage
HSBC Asia Pacific (Ex Japan) DYF Reg(G),Sonal Gupta,FOF-OVR,2.88,0.89,3.47,3.72,-0.31,2.8,7.1,-3.93,-3.03,-0.1,FoFs : Overseas
HSBC Balanced Advantage Fund Reg(G),Neelotpal Sahai,HY-DYN,0.15,2.05,-1.04,4.98,3.35,0.68,0.56,-0.75,0.79,0.29,Hybrid : Dynamic Asset Allocation
HSBC Banking and PSU Debt Fund Reg(G),Mahesh Chhabria,DT-B&PSU,0.68,0.37,0.69,0.55,0.72,0.57,0.62,0.63,0.47,0.58,Debt : Banking & PSU
HSBC Brazil Fund(G),Sonal Gupta,FOF-OVR,0.56,-5.7,-5.13,-2.82,1.48,7.4,0.08,-6.38,-7.1,-6.97,FoFs : Overseas
HSBC Business Cycles Fund Reg(G),Gautam Bhupal,EQ-THEM,-0.81,8.97,2.59,7.92,3.22,1.78,2.2,-2.44,0.39,-0.8,Equity : Thematic
HSBC Conservative Hybrid Fund(G),Mahesh Chhabria,HY-DT(CO),0.85,1.9,2.17,2.31,1.84,0.79,0.92,-0.63,1.22,1.22,Hybrid : Debt Oriented (Conservative)
HSBC Consumption Fund Reg(G),Gautam Bhupal,EQ-CONS,0.3,5.65,-2.32,9.49,3.29,4.57,4.44,-4.86,1.65,1.27,Equity : Thematic - Consumption
HSBC Corporate Bond Fund Reg(G),Kapil Punjabi,DT-CORP,0.6,0.16,0.88,0.54,0.95,0.75,0.9,0.49,0.5,0.46,Debt : Corporate Bond
HSBC Credit Risk Fund Reg(G),Shriram Ramanathan,DT-CR,0.64,0.35,0.74,0.54,0.76,0.6,0.76,0.4,0.55,0.51,Debt : Credit Risk
HSBC CRISIL IBX 50:50 Gilt Plus SDL Apr 2028 Index Fund Reg(G),Kapil Punjabi,DT-M&LD,0.58,0.19,0.95,0.73,1.02,0.73,0.85,0.39,0.53,0.47,Debt : Medium to Long Duration
HSBC CRISIL IBX Gilt June 2027 Index Fund Reg(G),Kapil Punjabi,DT-MD,0.57,0.18,0.91,0.72,0.9,0.69,0.75,0.33,0.63,0.45,Debt : Medium Duration
HSBC Dynamic Bond Fund Reg(G),Mahesh Chhabria,DT-DYN,0.67,-0.33,1.5,0.68,0.92,0.92,1.45,-0.18,0.51,0.4,Debt : Dynamic Bond
HSBC ELSS Tax saver Fund Reg(G),Abhishek Gupta,EQ-ELSS,1.26,6.77,2.36,8.57,3.54,1.75,2.16,-4.71,1.95,0.59,Equity : Tax Saving (ELSS)
HSBC Equity Savings Fund Reg(G),Cheenu Gupta,HY-EQ,0.33,4.22,1.19,4.17,2.69,0.48,1.29,-1.22,1.9,2.95,Hybrid : Equity Oriented
HSBC Flexi Cap Fund Reg(G),Abhishek Gupta,EQ-FLEX,0.44,3.99,1.25,8.58,4.04,2,1.8,-4.41,1.75,-0.35,Equity : Flexi Cap
HSBC Focused Fund Reg(G),Neelotpal Sahai,EQ-MLC,-0.24,4.81,-2.98,6.79,4.78,3.42,1.57,-3.49,1.22,0.53,Equity : Multi Cap
HSBC Gilt Fund Reg(G),Shriram Ramanathan,DT-GILT,0.72,-0.59,1.62,0.77,0.81,0.89,1.5,-0.44,0.3,0.35,Debt : Gilt
HSBC Global Emerging Markets Fund(G),Sonal Gupta,FOF-OVR,5.61,0.12,0.81,6.31,-2.57,1.76,5.63,-3.55,-3.64,0.52,FoFs : Overseas
HSBC Global Equity Climate Change FoF Reg(G),Sonal Gupta,FOF-OVR,2.71,-2.52,3.36,-0.38,2.06,2.12,3.21,-5.16,1.63,-3.84,FoFs : Overseas
HSBC India Export Opportunities Fund Reg(G),Abhishek Gupta,EQ-THEM,-,-,-,-,-,-,-,-2.44,2.95,-0.19,Equity : Thematic
HSBC Infrastructure Fund Reg(G),Venugopal Manghat,EQ-INFRA,1.42,8.91,8.94,6.79,2.14,-0.81,0.6,-5.01,1.09,-2.83,Equity : Sectoral - Infrastructure
HSBC Large & Mid Cap Fund Reg(G),Cheenu Gupta,EQ-L&M,0.65,8.34,2.81,7.41,4.4,0.93,1.36,-4.38,2.87,2.95,Equity : Large & Mid Cap
HSBC Large Cap Fund(G),Neelotpal Sahai,EQ-LC,0.99,3.14,-1.33,6.95,4.73,2.33,1.7,-5.47,0.68,-1.02,Equity : Large Cap
HSBC Liquid Fund(G),Kapil Punjabi,DT-LIQ,0.65,0.61,0.6,0.56,0.6,0.58,0.59,0.59,0.56,0.58,Debt : Liquid
HSBC Low Duration Fund Reg(G),Shriram Ramanathan,DT-LOWD,0.72,0.61,0.6,0.59,0.67,0.54,0.64,0.63,0.51,0.55,Debt : Low Duration
HSBC Managed Solutions India Conservative(G),Gautam Bhupal,FOF-DOM,0.66,0.21,0.92,1.16,1.28,0.91,1.15,-0.43,0.52,0.3,FoFs : Domestic
HSBC Managed Solutions India Growth(G),Gautam Bhupal,FOF-DOM,0.23,3.64,-0.31,6.17,3.5,1.56,1.6,-3.68,0.77,-0.42,FoFs : Domestic
HSBC Managed Solutions India Moderate(G),Gautam Bhupal,FOF-DOM,0.28,2.9,-0.03,5.12,3,1.4,1.47,-2.95,0.72,-0.25,FoFs : Domestic
HSBC Medium Duration Fund Reg(G),Shriram Ramanathan,DT-MD,0.68,0.15,1.07,0.56,0.81,0.69,0.97,0.3,0.6,0.54,Debt : Medium Duration
HSBC Medium to Long Duration Fund Fund(G),Kapil Punjabi,DT-M&LD,0.61,-0.39,1.4,0.5,0.92,0.83,1.17,-0.2,0.49,0.36,Debt : Medium to Long Duration
HSBC Midcap Fund Reg(G),Cheenu Gupta,EQ-MID,0.62,6.57,2.68,8.17,4.56,1.51,2.49,-4.18,1.04,4.27,Equity : Mid Cap
HSBC Money Market Fund Reg(G),Kapil Punjabi,DT-MM,0.74,0.56,0.6,0.58,0.63,0.56,0.64,0.6,0.55,0.59,Debt : Money Market
HSBC Multi Asset Allocation Fund Reg(G),Cheenu Gupta,HY-MULTI,1.45,6.16,1.91,3.69,3.26,0.28,1.66,-2.79,1.97,2.31,Hybrid : Multi Asset Allocation
HSBC Multi Cap Fund Reg(G),Venugopal Manghat,EQ-MLC,-1.13,6.47,-0.03,8.26,3.99,2.16,0.27,-4.89,1.61,0.55,Equity : Multi Cap
HSBC Nifty 50 Index Fund Reg(G),Praveen Ayathan,EQ-INDX,1.52,1.2,-0.02,6.7,3.94,1.31,2.23,-6.15,-0.3,-2.06,Equity : Index Funds
HSBC Nifty Next 50 Index Fund Reg(G),Praveen Ayathan,EQ-INDX,2.73,6.97,4,5.85,4.58,0.71,2.28,-9.35,1.18,-3.96,Equity : Index Funds
HSBC Overnight Fund Reg(G),Kapil Punjabi,DT-ON,0.56,0.53,0.55,0.53,0.54,0.53,0.52,0.53,0.52,0.55,Debt : Overnight
HSBC Short Duration Fund Reg(G),Shriram Ramanathan,DT-SD,0.62,0.23,0.84,0.56,0.89,0.66,0.81,0.47,0.52,0.48,Debt : Short Duration
HSBC Small Cap Fund Reg(G),Venugopal Manghat,EQ-SML,-2.4,9.21,1.17,10.6,2.96,0.35,1.88,-2.61,1.33,0.35,Equity : Small Cap
HSBC Tax Saver Equity Fund(G),Gautam Bhupal,EQ-ELSS,-0.47,5.1,-0.65,8.05,3.84,3.24,2.21,-0.48,1.2,0.81,Equity : Tax Saving (ELSS)
HSBC Ultra Short Duration Fund Reg(G),Mahesh Chhabria,DT-USD,0.68,0.6,0.6,0.57,0.63,0.54,0.62,0.61,0.53,0.59,Debt : Ultra Short Duration
HSBC Value Fund Reg(G),Venugopal Manghat,EQ-VAL,-0.57,5.63,2.89,7.82,3.26,0.26,1.68,-4.12,0.21,-0.95,Equity : Value / Contra
ICICI Pru All Seasons Bond Fund(G),Manish Banthia,DT-DYN,0.76,0.01,1.16,0.52,0.91,0.77,0.93,0.4,0.69,0.5,Debt : Dynamic Bond
ICICI Pru Asset Allocator Fund(FOF)(G),Sankaran Naren,FOF-DOM,1.68,1.7,0.76,2.67,2.04,1.44,1.65,-1.45,0.11,-0.32,FoFs : Domestic
ICICI Pru Balanced Advantage Fund(G),Manish Banthia,HY-DYN,1.45,0.96,0.26,3.26,3.16,1.35,1.41,-2.66,-0.16,-0.36,Hybrid : Dynamic Asset Allocation
ICICI Pru Banking & Fin Serv Fund(G),Roshan Chutkey,EQ-FIN,1.7,3.38,-0.89,8.24,1.87,0.97,4.26,-3.5,-0.96,-1.88,Equity : Sectoral - Financial Services
ICICI Pru Banking & PSU Debt Fund(G),Manish Banthia,DT-B&PSU,0.72,0.34,0.83,0.54,0.86,0.59,0.56,0.67,0.59,0.6,Debt : Banking & PSU
ICICI Pru Bharat 22 FOF (G),Nishit Patel,FOF-DOM,0.42,6.28,2.17,1.66,8.41,-1.41,1.16,-5.72,-0.23,-5.06,FoFs : Domestic
ICICI Pru Bharat Consumption Fund(G),Sankaran Naren,EQ-CONS,1.92,1.92,0.57,5.41,6.5,2.57,4.78,-8.11,-1.26,-1.6,Equity : Thematic - Consumption
ICICI Pru Bluechip Fund(G),Anish Tawakley,EQ-LC,2.45,1.72,0.01,5.82,4.89,1.27,2.1,-5.43,-0.22,-2.04,Equity : Large Cap
ICICI Pru Bond Fund(G),Manish Banthia,DT-M&LD,0.78,-0.26,1.33,0.47,0.99,0.84,1.13,0.26,0.74,0.44,Debt : Medium to Long Duration
ICICI Pru BSE 500 ETF,Nishit Patel,EQ-ETF,0.83,3.41,0.81,7,4.4,0.94,2.05,-6.47,0.04,-1.53,Equity : ETFs
ICICI Pru BSE 500 ETF FOF Reg(G),Nishit Patel,FOF-DOM,1.33,3.38,1.4,6.44,4.17,0.61,2.43,-6.55,-0.1,-1.6,FoFs : Domestic
ICICI Pru BSE Liquid Rate ETF,Darshil Dedhia,DT-ETF,0.54,0.52,0.54,0.52,0.52,0.5,0.53,0.52,0.49,0.55,Debt : ETFs
ICICI Pru BSE Midcap Select ETF,Nishit Patel,EQ-ETF,0.37,5.3,0.91,9.75,5.34,2.31,0.78,-6.32,0.83,3.12,Equity : ETFs
ICICI Pru BSE Sensex ETF,Nishit Patel,EQ-ETF,1.59,1.13,-0.32,7.07,3.52,0.95,2.35,-5.7,0.56,-2.1,Equity : ETFs
ICICI Pru BSE Sensex Index Fund(G),Nishit Patel,EQ-INDX,1.64,1.1,-0.35,7.06,3.49,0.92,2.32,-5.72,0.54,-2.11,Equity : Index Funds
ICICI Pru Business Cycle Fund(G),Anish Tawakley,EQ-THEM,3.22,2.35,0.47,4.86,3.65,0.6,2.73,-4.61,-0.61,-2.41,Equity : Thematic
ICICI Pru Child Care Fund Gift Plan,Lalit Kumar,HY-SOL,1.5,4.64,1.09,4.86,3.47,0.08,2.32,-5.62,0.4,-1.11,Hybrid : Solution Oriented
ICICI Pru Commodities Fund(G),Lalit Kumar,EQ-THEM,0.98,7.29,0.78,6.29,0.42,-2.57,3.99,-7.62,-1.55,-2.82,Equity : Thematic
ICICI Pru Constant Maturity Gilt Fund(G),Manish Banthia,DT-GL10Y,0.74,-0.41,1.58,0.48,1.14,0.95,1.35,-0.09,0.9,0.48,Debt : Gilt (10 Yr Constant Duration)
ICICI Pru Corp Bond Fund(G),Manish Banthia,DT-CORP,0.75,0.42,0.8,0.54,0.87,0.65,0.69,0.64,0.6,0.54,Debt : Corporate Bond
ICICI Pru Credit Risk Fund(G),Manish Banthia,DT-CR,0.51,0.22,0.92,0.49,0.92,1.01,0.74,0.8,0.3,0.44,Debt : Credit Risk
ICICI Pru Debt Mgmt Fund(FOF)(G),Manish Banthia,FOF-DOM,0.86,0.27,0.99,0.49,0.86,0.7,0.82,0.46,0.65,0.49,FoFs : Domestic
ICICI Pru Dividend Yield Equity Fund(G),Mittul Kalawadia,EQ-DIV,1.97,3.23,0.5,5.38,6.59,1.18,2.49,-6.15,-1.67,-2.15,Equity : Thematic - Dividend Yield
ICICI Pru ELSS Tax Saver Fund(G),Mittul Kalawadia,EQ-ELSS,1.36,2.9,-1.79,6.97,5.43,2.74,3.31,-6.19,-0.87,-2.23,Equity : Tax Saving (ELSS)
ICICI Pru Energy Opportunities Fund Reg(G),Sankaran Naren,EQ-POWER,-,-,-,-,-,1.78,1.17,-5.49,-0.81,-2.36,Equity : Sectoral - Energy / Power
ICICI Pru Equity & Debt Fund(G),Sankaran Naren,HY-EQ,2.26,2.36,-0.2,4.24,4.61,1.44,2.22,-4.31,-1.18,-1.4,Hybrid : Equity Oriented
ICICI Pru Equity Savings Fund(G),Dharmesh Kakkad,HY-EQ,0.6,0.25,0.44,1.81,1.54,1.09,0.98,-0.42,0.33,0.14,Hybrid : Equity Oriented
ICICI Pru Equity Arbitrage Fund(G),Archana Nair,HY-ARB,0.65,0.67,0.56,0.63,0.6,0.61,0.46,0.66,0.53,0.6,Hybrid : Arbitrage
ICICI Pru ESG Exclusionary Strategy Fund(G),Mittul Kalawadia,EQ-THEM,-1.5,2.67,-0.21,7.45,6.39,4.24,3.62,-5.43,-1.46,-1.02,Equity : Thematic
ICICI Pru Exports & Services Fund(G),Sankaran Naren,EQ-THEM,1.84,2.73,0.21,7.16,5.52,2.11,3.19,-4.45,-2.11,-1.05,Equity : Thematic
ICICI Pru Flexicap Fund(G),Rajat Chandak,EQ-FLEX,2.74,1.86,0.43,7.27,5.53,2.09,3.04,-6.46,-0.33,-1.47,Equity : Flexi Cap
ICICI Pru Floating Interest Fund(G),Ritesh Lunawat,DT-FL,0.89,0.8,0.38,0.69,0.97,0.68,0.5,0.78,0.5,0.46,Debt : Floater
ICICI Pru FMCG Fund(G),Priyanka Khandelwal,EQ-CONS,0.68,0.64,1.03,4.85,8.1,2.1,3.2,-8.74,-2.47,-2.53,Equity : Thematic - Consumption
ICICI Pru Focused Equity Fund(G),Vaibhav Dusad,EQ-LC,3.63,2.24,1.42,7.28,5.52,2.25,2.64,-5.8,-0.91,-1.15,Equity : Large Cap
ICICI Pru Gilt Fund(G),Manish Banthia,DT-GILT,0.81,-0.25,1.35,0.45,0.92,0.81,0.93,0.26,0.72,0.45,Debt : Gilt
ICICI Pru Global Advantage Fund(FOF)(G),Sankaran Naren,FOF-OVR,1.9,0.69,4.7,0.62,1.98,2.19,8.47,-5.54,1.43,-0.14,FoFs : Overseas
ICICI Pru Global Stable Equity Fund(FOF)(G),Ritesh Lunawat,FOF-OVR,3.3,-3.64,-0.08,0,4.65,3.77,1.95,-3.22,1.74,-2.89,FoFs : Overseas
ICICI Pru Gold ETF,Gaurav Chikane,GOLD-ETF,8.02,6.41,0.78,-0.81,-3.5,3.71,4.58,5.37,-3.5,-0.67,Gold : ETFs
ICICI Pru Housing Opp Fund Reg(G),Anand Sharma,EQ-THEM,1.24,4.75,1.42,7.02,2.33,-0.76,3.64,-4.02,-1.06,-2.09,Equity : Thematic
ICICI Pru Income Optimizer Fund(FOF)(G),Dharmesh Kakkad,FOF-DOM,0.93,0.89,0.21,3.11,2.42,1.14,1.39,-0.41,0.17,0.16,FoFs : Domestic
ICICI Pru India Equity (FOF)(G),Dharmesh Kakkad,FOF-DOM,1.03,3.1,0.72,6.35,5.36,1.91,1.97,-5.15,0.11,-1.17,FoFs : Domestic
ICICI Pru India Opp Fund(G),Sankaran Naren,EQ-THEM,2.82,2.5,0.3,6.22,5.79,2.9,2.28,-5.23,-0.38,-1.56,Equity : Thematic
ICICI Pru Infrastructure Fund(G),Ihab Dalwai,EQ-INFRA,2.52,5.83,2.18,6.04,4.78,-1.04,3.15,-5.39,-1.42,-1.86,Equity : Sectoral - Infrastructure
ICICI Pru Innovation Fund Reg(G),Anish Tawakley,EQ-THEM,2.66,2.52,4.15,6.78,4.66,0.83,3.15,-6.21,0.11,-0.91,Equity : Thematic
ICICI Pru Large & Mid Cap Fund(G),Ihab Dalwai,EQ-L&M,2.07,3.81,0.78,6.04,5.88,1.54,2.69,-6.25,-1.17,-2.24,Equity : Large & Mid Cap
ICICI Pru Liquid Fund(G),Darshil Dedhia,DT-LIQ,0.65,0.62,0.6,0.57,0.61,0.58,0.58,0.58,0.56,0.58,Debt : Liquid
ICICI Pru Long Term Bond Fund(G),Manish Banthia,DT-LD,0.74,-0.3,1.43,0.61,0.96,0.97,1.4,0.09,0.73,0.44,Debt : Long Duration
ICICI Pru Manufacturing Fund(G),Anish Tawakley,EQ-THEM,3.09,4.34,4.7,7.11,3.38,-2.67,2.38,-6.44,-0.96,-3.12,Equity : Thematic
ICICI Pru Medium Term Bond Fund(G),Manish Banthia,DT-MD,0.71,0.18,0.95,0.5,0.87,0.72,0.86,0.52,0.64,0.51,Debt : Medium Duration
ICICI Pru Midcap Fund(G),Lalit Kumar,EQ-MID,0.89,5.57,4.71,8.03,3.21,-0.63,2.74,-6.4,0.81,-0.5,Equity : Mid Cap
ICICI Pru MNC Fund(G),Roshan Chutkey,EQ-MNC,1.34,2.73,3.28,5.63,6.37,0.91,2.17,-7.21,-0.53,-1.13,Equity : Thematic - MNC
ICICI Pru Money Market Fund(G),Manish Banthia,DT-MM,0.76,0.6,0.61,0.55,0.69,0.56,0.66,0.61,0.57,0.6,Debt : Money Market
ICICI Pru Multi Asset Fund(G),Sankaran Naren,HY-MULTI,2.67,2.99,0.5,3.43,2.96,1.23,2.49,-2.57,-1.03,-1.23,Hybrid : Multi Asset Allocation
ICICI Pru Multicap Fund(G),Sankaran Naren,EQ-MLC,0.73,3.87,0.32,7.05,6.21,1.65,2.08,-4.91,-0.87,-2.27,Equity : Multi Cap
ICICI Pru NASDAQ 100 Index Fund(G),Sharmila Dmello,EQ-INTL,1.72,-4.36,5.98,6.35,-1.36,1.27,2.36,-0.55,5.72,1.94,Equity : International
ICICI Pru Nifty 10 yr Benchmark G Sec ETF,Darshil Dedhia,DT-GL10Y,0.74,-0.49,1.79,0.36,1.17,0.95,1.34,-0.17,0.9,0.53,Debt : Gilt (10 Yr Constant Duration)
ICICI Pru Nifty 100 ETF,Nishit Patel,EQ-ETF,1.72,2.21,0.6,6.45,4.1,1.12,2.3,-6.76,-0.01,-2.26,Equity : ETFs
ICICI Pru Nifty 100 Low Volatility 30 ETF,Nishit Patel,EQ-ETF,0.82,-1.46,0.02,6.96,6.06,2.42,3.63,-8.03,-1.84,-0.82,Equity : ETFs
ICICI Pru Nifty 100 Low Volatility 30 ETF FOF(G),Nishit Patel,EQ-ETF,0.79,-1.47,0.1,6.49,6.27,2.4,3.72,-8.02,-2.15,-0.63,Equity : ETFs
ICICI Pru Nifty 200 Momentum 30 ETF,Nishit Patel,EQ-ETF,2.73,5.82,4.89,3.45,4.95,0.48,1.29,-8.16,-0.73,-4.44,Equity : ETFs
ICICI Pru Nifty 200 Momentum 30 Index Fund Reg(G),Nishit Patel,EQ-INDX,2.68,5.71,4.78,3.55,4.85,0.39,1.22,-8.22,-0.83,-4.27,Equity : Index Funds
ICICI Pru Nifty 200 Quality 30 ETF,Nishit Patel,EQ-ETF,-0.36,0.83,3.95,6.55,7.76,2.58,2.31,-8.58,-0.06,-2.24,Equity : ETFs
ICICI Pru Nifty 5 yr Benchmark G SEC ETF,Darshil Dedhia,DT-M&LD,0.6,0.03,1.13,0.56,1.36,0.87,1.03,0.01,0.76,0.49,Debt : Medium to Long Duration
ICICI Pru Nifty 50 ETF,Nishit Patel,EQ-ETF,1.56,1.24,0.02,6.74,3.98,1.35,2.27,-6.12,-0.26,-2.02,Equity : ETFs
ICICI Pru Nifty 50 Index Fund(G),Nishit Patel,EQ-INDX,1.56,1.19,0,6.7,3.94,1.32,2.24,-6.14,-0.29,-2.05,Equity : Index Funds
ICICI Pru Nifty Alpha Low   Volatility 30 ETF,Nishit Patel,EQ-ETF,2.68,0.94,0.02,5.88,6.55,1.76,2.6,-8.48,-2.43,-2.07,Equity : ETFs
ICICI Pru Nifty Alpha Low   Volatility 30 ETF FOF(G),Nishit Patel,FOF-DOM,3.15,0.59,0.27,5.58,6.11,2.1,2.44,-8.33,-2.51,0.41,FoFs : Domestic
ICICI Pru Nifty Auto ETF,Nishit Patel,EQ-ETF,4.92,4.94,4.17,7.79,6.1,-1.62,3.25,-13.01,-0.61,-2.31,Equity : ETFs
ICICI Pru Nifty Auto Index Fund Reg(G),Nishit Patel,EQ-AUTO,4.82,4.84,4.06,7.63,6.01,-1.64,3.19,-13.03,-0.67,-2.36,Equity : Sectoral - Auto
ICICI Pru Nifty Bank ETF,Nishit Patel,EQ-ETF,2.16,4.81,-0.32,6.91,-1.49,-0.17,3.15,-2.84,1.12,-2.32,Equity : ETFs
ICICI Pru Nifty Bank Index Fund Reg(G),Nishit Patel,EQ-INDX,2.33,4.74,-0.37,6.87,-1.56,-0.24,3.09,-2.91,1.05,-2.38,Equity : Index Funds
ICICI Pru Nifty Commodities ETF,Nishit Patel,EQ-THEM,2.32,5.57,0.98,4.29,4.27,-1.49,3.57,-9.51,-3.97,-4.84,Equity : Thematic
ICICI Pru Nifty Financial Services Ex Bank ETF,Nishit Patel,EQ-ETF,1.45,3.34,-3.4,7.75,4.58,4.63,3.94,-6.93,-2.28,-0.81,Equity : ETFs
ICICI Pru Nifty FMCG ETF,Nishit Patel,EQ-ETF,-0.11,0.53,-0.13,5.66,9.41,1.65,3.91,-9.67,-1.87,-1.96,Equity : ETFs
ICICI Pru Nifty G Sec Dec 2030 Index Fund Reg(G),Darshil Dedhia,DT-M&LD,0.56,-0.05,1.16,0.7,1.24,0.75,1.06,0.19,0.61,0.7,Debt : Medium to Long Duration
ICICI Pru Nifty Healthcare ETF,Nishit Patel,EQ-ETF,0.89,-0.72,-1.51,6.62,9.53,5.65,1.68,-2.21,-2.09,5.82,Equity : ETFs
ICICI Pru Nifty India Consumption ETF,Nishit Patel,EQ-ETF,3.27,2.72,0.67,6.63,6.14,2.47,6.17,-10.5,-0.21,-0.77,Equity : ETFs
ICICI Pru Nifty Infrastructure ETF,Nishit Patel,EQ-ETF,3.05,2.83,1.04,5.47,4.02,-0.55,1.53,-7.85,-0.97,-3.15,Equity : ETFs
ICICI Pru Nifty IT ETF,Nishit Patel,EQ-ETF,-7.49,-4.88,-1.62,11.65,13.11,4.75,-1.99,-3.12,6.74,0.42,Equity : ETFs
ICICI Pru Nifty IT Index Fund Reg(G),Nishit Patel,EQ-INDX,-7.48,-4.94,-1.68,11.59,12.98,4.67,-2.07,-3.2,6.68,0.36,Equity : Index Funds
ICICI Pru Nifty LargeMidcap 250 Index Fund Reg(G),Nishit Patel,EQ-INDX,-,4.19,1.37,7.09,4.5,0.69,1.98,-6.64,0.04,-0.62,Equity : Index Funds
ICICI Pru Nifty Metal ETF,Nishit Patel,EQ-ETF,-,-,-,-,-,-,8.47,-8.57,-3.11,-4.06,Equity : ETFs
ICICI Pru Nifty Midcap 150 ETF,Nishit Patel,EQ-ETF,-0.36,6.34,2.22,7.97,5.02,0.37,1.75,-6.43,0.2,1.1,Equity : ETFs
ICICI Pru Nifty Midcap 150 Index Fund Reg(G),Nishit Patel,EQ-INDX,-0.36,6.24,2.14,7.86,4.94,0.28,1.67,-6.5,0.11,1.02,Equity : Index Funds
ICICI Pru Nifty Next 50 ETF,Nishit Patel,EQ-ETF,2.82,7.05,4.11,5.97,4.65,0.79,2.35,-9.29,1.24,-3.78,Equity : ETFs
ICICI Pru Nifty Next 50 Index Fund(G),Nishit Patel,EQ-INDX,2.81,6.99,4.05,5.93,4.58,0.74,2.29,-9.34,1.18,-4.06,Equity : Index Funds
ICICI Pru Nifty Oil & Gas ETF,Nishit Patel,EQ-ETF,-,-,-,-,-,1.76,-3.09,-12.97,-2.13,-3.27,Equity : ETFs
ICICI Pru Nifty Pharma Index Fund Reg(G),Nishit Patel,EQ-PHRM,-0.17,-0.23,-1.01,4.75,10.48,6.72,0.13,-2.5,-2.24,5.17,Equity : Sectoral - Pharma
ICICI Pru Nifty Private Bank ETF,Nishit Patel,EQ-ETF,1.93,4.15,-0.95,7.73,-1.37,0.18,3.1,-4.84,0.42,-2.18,Equity : ETFs
ICICI Pru Nifty PSU Bank ETF,Nishit Patel,EQ-ETF,1.08,8.51,-2.36,-0.15,0.41,-5.57,-3.32,-0.49,1.28,-4.05,Equity : ETFs
ICICI Pru Nifty PSU Bond Plus SDL Sep 2027 40:60 Index Fund Reg(G),Darshil Dedhia,DT-M&LD,0.63,0.43,0.77,0.68,0.93,0.69,0.81,0.52,0.44,0.5,Debt : Medium to Long Duration
ICICI Pru Nifty SDL Dec 2028 Index Fund Reg(G),Darshil Dedhia,DT-M&LD,0.63,0.19,0.97,0.74,1.16,0.83,0.95,0.45,0.48,0.41,Debt : Medium to Long Duration
ICICI Pru Nifty SDL Sep 2026 Index Fund Reg(G),Darshil Dedhia,DT-M&LD,0.58,0.46,0.74,0.69,0.79,0.69,0.69,0.59,0.44,0.49,Debt : Medium to Long Duration
ICICI Pru Nifty SDL Sep 2027 Index Fund Reg(G),Darshil Dedhia,DT-M&LD,0.5,0.53,0.81,0.79,0.94,0.74,0.76,0.55,0.4,0.48,Debt : Medium to Long Duration
ICICI Pru Nifty Smallcap 250 Index Fund(G),Nishit Patel,EQ-INDX,-4.26,10.37,-1.35,9.42,4.9,1.28,1.1,-3.65,-0.2,0.11,Equity : Index Funds
ICICI Pru Nifty200 Value 30 ETF,Nishit Patel,EQ-ETF,-,-,-,-,-,-,-,-,-0.83,-4.32,Equity : ETFs
ICICI Pru Nifty200 Value 30 Index Fund Reg(G),Nishit Patel,EQ-INDX,-,-,-,-,-,-,-,-,-0.91,-4.38,Equity : Index Funds
ICICI Pru Nifty50 Equal Weight Index Fund Reg(G),Nishit Patel,EQ-INDX,1.5,0.96,0.24,6.26,5.54,1.81,2.6,-8.09,-2.46,-1.97,Equity : Index Funds
ICICI Pru Nifty50 Value 20 ETF,Nishit Patel,EQ-ETF,-0.62,1.64,-0.51,6.38,8.49,1.64,0.56,-5.33,0.53,-1.94,Equity : ETFs
ICICI Pru Nifty50 Value 20 Index Fund Reg(G),Nishit Patel,EQ-INDX,-0.67,1.59,-0.55,6.28,8.44,1.6,0.52,-5.38,0.48,-1.97,Equity : Index Funds
ICICI Pru Overnight Fund(G),Nikhil Kabra,DT-ON,0.58,0.53,0.55,0.53,0.53,0.53,0.52,0.53,0.52,0.55,Debt : Overnight
ICICI Pru Passive Multi Asset FoF(G),Sankaran Naren,FOF-DOM,2.21,0.75,1.31,1.71,2.23,1.67,2.36,-2.23,0.12,-1.03,FoFs : Domestic
ICICI Pru Passive Strategy Fund(FOF)(G),Sankaran Naren,FOF-DOM,0.74,1.87,0.13,6.57,4.89,1.76,2.41,-5.53,-0.14,-0.79,FoFs : Domestic
ICICI Pru Pharma Healthcare & Diagnostics (P.H.D) Fund (G),Dharmesh Kakkad,EQ-PHRM,0.4,1.72,-0.13,4.99,10.99,6.97,2.01,-1.05,-0.26,4.23,Equity : Sectoral - Pharma
ICICI Pru PSU Equity Fund Reg(G),Mittul Kalawadia,EQ-INDX,-0.42,6.62,2.43,2.13,8.07,-2.07,-0.63,-5.37,-0.33,-4.83,Equity : Index Funds
ICICI Pru Quant Fund(G),Roshan Chutkey,EQ-THEM,1.75,1.88,2.66,6.13,5.55,1.96,2.18,-6.28,0.32,-1.82,Equity : Thematic
ICICI Pru Regular Gold Savings Fund(FOF)(G),Manish Banthia,GOLD-MF,7.79,7.29,0.6,-0.55,-3.56,3.29,4.8,5.06,-3.74,-0.53,Gold : MFs
ICICI Pru Regular Savings Fund(G),Manish Banthia,HY-DT(CO),1.2,0.94,0.57,2.05,2.08,1.14,1.0,-0.79,0.35,0.29,Hybrid : Debt Oriented (Conservative)
ICICI Pru Retirement Fund Hybrid Aggressive Plan(G),Lalit Kumar,HY-SOL,2.07,5.12,1.93,4.57,3.25,0.08,1.99,-4.73,0.33,-0.7,Hybrid : Solution Oriented
ICICI Pru Retirement Fund Hybrid Cons Plan(G),Lalit Kumar,HY-SOL,1.14,1.38,0.45,2.09,1.61,0.57,1.11,-1.55,0.73,0.07,Hybrid : Solution Oriented
ICICI Pru Retirement Fund Pure Debt Plan(G),Darshil Dedhia,HY-SOL,0.71,0.47,0.74,0.43,0.95,0.65,0.67,0.45,0.52,0.4,Hybrid : Solution Oriented
ICICI Pru Retirement Fund Pure Equity Plan(G),Lalit Kumar,HY-SOL,1.92,5.43,1.65,4.5,4.01,0.03,2.82,-5.07,0.7,-1.38,Hybrid : Solution Oriented
ICICI Pru Savings Fund(G),Nikhil Kabra,DT-LOWD,0.8,0.67,0.57,0.59,0.76,0.6,0.63,0.72,0.55,0.56,Debt : Low Duration
ICICI Pru Short Term Fund(G),Manish Banthia,DT-SD,0.75,0.36,0.77,0.55,0.86,0.65,0.71,0.58,0.6,0.49,Debt : Short Duration
ICICI Pru Silver ETF,Gaurav Chikane,GOLD-ETF,6.48,8.03,15.06,-4.78,-5.62,2.44,5.28,7.61,-7.32,-3.86,Gold : ETFs
ICICI Pru Silver ETF FOF(G),Manish Banthia,FOF-DOM,6.34,7.98,15.11,-4.93,-5.14,1.88,5.95,6.94,-7.88,-3.69,FoFs : Domestic
ICICI Pru Smallcap Fund(G),Anish Tawakley,EQ-SML,-2.5,6.66,1.77,8.25,4.59,-0.48,1.65,-4.22,-1.13,-1.65,Equity : Small Cap
ICICI Pru Strategic Metal and Energy Equity FoF Reg(G),Sharmila Dmello,FOF-OVR,15.04,0.94,1.53,-3.49,6.16,0.01,-1.89,1.48,-0.23,-7.04,FoFs : Overseas
ICICI Pru Technology Fund(G),Vaibhav Dusad,EQ-TECH,-4.58,-1.93,-1.48,10.41,10.82,5.09,-0.56,-4.42,5.23,-0.16,Equity : Sectoral - Technology
ICICI Pru Thematic Advantage Fund(FOF)(G),Sankaran Naren,FOF-DOM,0.65,1.79,-0.25,6.6,6.42,3.12,2.41,-2.93,-0.25,-0.02,FoFs : Domestic
ICICI Pru Transportation and Logistics Fund Reg(G),Rajat Chandak,EQ-AUTO,2.36,4.61,3.67,8.27,5.29,0.83,2.47,-10.28,0.84,-1.55,Equity : Sectoral - Auto
ICICI Pru Ultra Short Term Fund Fund(G),Manish Banthia,DT-USD,0.72,0.62,0.58,0.54,0.65,0.54,0.62,0.62,0.53,0.59,Debt : Ultra Short Duration
ICICI Pru US Bluechip Equity Fund(G),Ritesh Lunawat,EQ-INTL,4.18,-4.45,0.82,-0.14,5.57,4.37,1.17,-3.04,4.09,-3.53,Equity : International
ICICI Pru Value Discovery Fund(G),Sankaran Naren,EQ-VAL,1.1,2.23,-0.1,6,6.97,2.13,1.54,-4.78,-0.94,-1.95,Equity : Value / Contra
Invesco India   Invesco EQQQ NASDAQ 100 ETF FoF Reg(G),Herin Shah,FOF-OVR,2.4,-3.03,3.45,8.6,-2.23,0.61,2.95,2.73,2.63,2.49,FoFs : Overseas
Invesco India   Invesco Global Consumer Trends FoF Reg(G),Herin Shah,FOF-OVR,4.2,-4.64,1,4.28,-3.19,2.74,6.28,2.8,8.68,2.08,FoFs : Overseas
Invesco India   Invesco Global Equity Income FoF Reg(G),Herin Shah,FOF-OVR,2.89,-0.42,2,0.96,2.51,4.47,2.17,-1.26,1.45,-2.07,FoFs : Overseas
Invesco India   Invesco Pan European Equity FoF Reg(G),Herin Shah,FOF-OVR,3.99,0.26,2.48,-5.58,2.82,3.71,0.13,-5.69,-3.56,-1.16,FoFs : Overseas
Invesco India Aggressive Hybrid Fund Reg(G),Dhimant Kothari,HY-EQ,1.39,3.45,1.61,7,2.07,2.31,3.31,-3.18,1.12,0.99,Hybrid : Equity Oriented
Invesco India Arbitrage Fund(G),Deepak Gupta,HY-ARB,0.61,0.65,0.61,0.65,0.59,0.63,0.45,0.65,0.51,0.61,Hybrid : Arbitrage
Invesco India Balanced Advantage Fund(G),Dhimant Kothari,HY-DYN,1.02,2.08,0.58,3.69,3.18,0.98,1.71,-2.46,1.4,0.3,Hybrid : Dynamic Asset Allocation
Invesco India Banking and PSU Fund(G),Vikas Garg,DT-B&PSU,0.67,0.09,0.97,0.51,0.88,0.78,0.94,0.43,0.43,0.53,Debt : Banking & PSU
Invesco India Contra Fund(G),Taher Badshah,EQ-VAL,0.3,5.62,2.11,7.04,6.4,2.61,2.91,-5.21,0.56,-0.25,Equity : Value / Contra
Invesco India Corporate Bond Fund(G),Vikas Garg,DT-CORP,0.69,0.2,0.91,0.52,0.9,0.75,0.98,0.4,0.54,0.5,Debt : Corporate Bond
Invesco India Credit Risk Fund(G),Vikas Garg,DT-CR,0.62,0.2,0.87,0.49,0.76,0.62,0.88,0.28,0.53,0.5,Debt : Credit Risk
Invesco India ELSS Tax Saver Fund(G),Amit Nigam,EQ-ELSS,-0.28,4.56,0.59,8.42,4.08,2.02,2.65,-4.32,1.22,0.33,Equity : Tax Saving (ELSS)
Invesco India Equity Savings Fund Reg(G),Dhimant Kothari,HY-EQ,0.85,2.67,0.74,4.05,1.76,1.47,1.51,-1.49,0.56,1.02,Hybrid : Equity Oriented
Invesco India ESG Integration Strategy Fund Reg(G),Taher Badshah,EQ-THEM,1.2,5.29,-0.63,7.14,5.66,2.46,1.63,-4.18,1.23,-1.1,Equity : Thematic
Invesco India Financial Services Fund(G),Hiten Jain,EQ-FIN,-0.48,6.54,-1.95,7.07,2.46,1.73,2.34,-1.05,0.12,-1.44,Equity : Sectoral - Financial Services
Invesco India Flexi Cap Fund Reg(G),Amit Ganatra,EQ-FLEX,1.35,4.52,1.53,8.21,3.13,3.76,3.19,-4.62,2.31,1.56,Equity : Flexi Cap
Invesco India Focused Fund Reg(G),Taher Badshah,EQ-FLEX,2.91,7.25,-0.49,8.12,3.33,3.52,3.04,-3.34,1.62,1.77,Equity : Flexi Cap
Invesco India Gilt Fund(G),Vikas Garg,DT-GILT,0.85,-1.06,2.18,0.94,0.69,1.08,1.7,-0.45,0.22,0.39,Debt : Gilt
Invesco India Gold ETF,Herin Shah,GOLD-ETF,7.94,6.89,0.12,-0.88,-2.98,3.88,4.29,5.36,-3.79,-0.51,Gold : ETFs
Invesco India Gold ETF FoF(G),Herin Shah,GOLD-MF,7.58,7.39,0.01,-0.01,-3.4,3.35,4.6,4.84,-3.8,-0.56,Gold : MFs
Invesco India Infrastructure Fund(G),Amit Nigam,EQ-INFRA,3.03,6.6,8.7,6.16,2.41,-2.12,1.68,-6.08,1.37,-0.54,Equity : Sectoral - Infrastructure
Invesco India Large & Mid Cap Fund(G),Aditya Khemani,EQ-L&M,1.38,4.14,1.62,10.09,3.33,3.08,4.22,-6.2,2.04,2.34,Equity : Large & Mid Cap
Invesco India Largecap Fund(G),Amit Nigam,EQ-LC,1.38,4,0.33,7.55,3.93,2.22,1.58,-5.83,1.45,-1.18,Equity : Large Cap
Invesco India Liquid Fund(G),Krishna Cheemalapati,DT-LIQ,0.65,0.61,0.6,0.57,0.6,0.58,0.59,0.59,0.56,0.58,Debt : Liquid
Invesco India Low Duration Fund(G),Krishna Cheemalapati,DT-LOWD,0.66,0.53,0.61,0.56,0.71,0.56,0.63,0.63,0.52,0.59,Debt : Low Duration
Invesco India Manufacturing Fund Reg(G),Amit Ganatra,EQ-THEM,-,-,-,-,-,-,3.51,-3.58,0.98,2.71,Equity : Thematic
Invesco India Medium Duration Fund Reg(G),Vikas Garg,DT-MD,0.66,0.08,0.97,0.52,0.85,0.73,0.96,0.26,0.54,0.46,Debt : Medium Duration
Invesco India Midcap Fund(G),Aditya Khemani,EQ-MID,0.88,5.12,1.98,11.73,3.96,2.23,4.96,-5.68,2.79,3.21,Equity : Mid Cap
Invesco India Money Market Fund(G),Krishna Cheemalapati,DT-MM,0.7,0.57,0.59,0.53,0.67,0.54,0.64,0.59,0.53,0.58,Debt : Money Market
Invesco India Multicap Fund(G),Dhimant Kothari,EQ-MLC,0.59,5.46,0.06,8.12,4.08,4.35,2.56,-4.49,1.54,1.38,Equity : Multi Cap
Invesco India Nifty 50 ETF,Kuber Mannadi,EQ-ETF,1.56,1.24,0.02,6.73,3.97,1.35,2.26,-6.12,-0.27,-2.02,Equity : ETFs
Invesco India Nifty G sec Jul 2027 Index Fund Reg(G),Krishna Cheemalapati,DT-MD,0.58,0.19,0.92,0.7,0.95,0.71,0.76,0.35,0.64,0.46,Debt : Medium Duration
Invesco India Nifty G sec Sep 2032 Index Fund Reg(G),Krishna Cheemalapati,DT-LD,0.72,-0.21,1.43,0.52,1.29,0.93,1.39,-0.01,0.57,0.59,Debt : Long Duration
Invesco India Overnight Fund Reg(G),Krishna Cheemalapati,DT-ON,0.56,0.53,0.55,0.53,0.54,0.54,0.53,0.53,0.52,0.55,Debt : Overnight
Invesco India PSU Equity Fund(G),Dhimant Kothari,EQ-THEM,-0.58,8.35,9.74,3.03,4.6,-3.75,-1.05,-6.04,-0.24,-4.55,Equity : Thematic
Invesco India Short Duration Fund(G),Vikas Garg,DT-SD,0.65,0.2,0.82,0.49,0.87,0.64,0.84,0.4,0.55,0.5,Debt : Short Duration
Invesco India Smallcap Fund Reg(G),Taher Badshah,EQ-SML,-0.61,6.54,1.68,9.39,4.09,2.95,3.28,-3.22,2.45,1.9,Equity : Small Cap
Invesco India Technology Fund Reg(G),Hiten Jain,EQ-TECH,-,-,-,-,-,-,-,-3.22,5.19,3.95,Equity : Sectoral - Technology
Invesco India Ultra Short Duration Fund(G),Krishna Cheemalapati,DT-USD,0.65,0.59,0.56,0.52,0.62,0.54,0.62,0.6,0.52,0.58,Debt : Ultra Short Duration
ITI Arbitrage Fund Reg(G),Rajesh Bhatia,HY-ARB,0.62,0.64,0.61,0.64,0.49,0.57,0.53,0.49,0.49,0.58,Hybrid : Arbitrage
ITI Balanced Advantage Fund Reg(G),Rajesh Bhatia,HY-DYN,0.32,1.84,-0.55,2.42,2.91,0.79,2.04,-3.17,1.15,-0.32,Hybrid : Dynamic Asset Allocation
ITI Banking & Financial Services Fund Reg(G),Nilay Dalal,EQ-FIN,0.04,4.09,-2.76,6.62,-0.03,0.99,2.82,-3.93,0.18,-1.74,Equity : Sectoral - Financial Services
ITI Banking & PSU Debt Fund Reg(G),Rajesh Bhatia,DT-B&PSU,0.67,0.04,0.95,0.44,0.75,0.6,0.79,0.43,0.56,0.54,Debt : Banking & PSU
ITI Dynamic Bond Fund Reg(G),Rajesh Bhatia,DT-DYN,0.68,-1.03,1.62,0.39,0.96,0.8,1.32,-0.07,0.69,0.48,Debt : Dynamic Bond
ITI ELSS Tax Saver Fund Reg(G),Alok Ranjan,EQ-ELSS,1.65,6.26,2.18,6.04,3.51,1.49,2.55,-7.23,0.59,-1.36,Equity : Tax Saving (ELSS)
ITI Flexi Cap Fund Reg(G),Dhimant Shah,EQ-FLEX,0.21,5.45,2.13,7.79,2.63,1.79,2.05,-4.05,0.16,-1.14,Equity : Flexi Cap
ITI Focused Equity Fund Reg(G),Dhimant Shah,EQ-FLEX,1.53,4.49,2.25,6.35,4,0.27,2.57,-4.18,1.03,-1.03,Equity : Flexi Cap
ITI Large & Mid Cap Fund Reg(G),Alok Ranjan,EQ-L&M,-,-,-,-,-,-,-,-5.04,2.61,-1.5,Equity : Large & Mid Cap
ITI Large Cap Fund Reg(G),Alok Ranjan,EQ-LC,1.74,4.64,0.1,4.86,3.86,-0.55,0.62,-6.19,1.04,-1.57,Equity : Large Cap
ITI Liquid Fund Reg(G),Rajesh Bhatia,DT-LIQ,0.58,0.57,0.57,0.55,0.57,0.55,0.55,0.56,0.55,0.57,Debt : Liquid
ITI Mid Cap Fund Reg(G),Rohan Korde,EQ-MID,1.63,6.76,5,6.29,4.9,0.79,-0.16,-6.74,-0.09,0.25,Equity : Mid Cap
ITI Multi Cap Fund Reg(G),Dhimant Shah,EQ-MLC,0.96,3.58,2.92,6.61,3.59,0.48,1.28,-6.23,-0.26,-0.31,Equity : Multi Cap
ITI Overnight Fund Reg(G),Rajesh Bhatia,DT-ON,0.54,0.51,0.51,0.51,0.52,0.52,0.5,0.52,0.5,0.52,Debt : Overnight
ITI Pharma & Healthcare Fund Reg(G),Rohan Korde,EQ-PHRM,0.46,0.71,-2.79,6.77,10.55,5.8,2.45,0.3,0.62,1.92,Equity : Sectoral - Pharma
ITI Small Cap Fund Reg(G),Dhimant Shah,EQ-SML,0.08,7.69,3.49,8.39,2.34,1.01,1.95,-3.02,1.89,0.52,Equity : Small Cap
ITI Ultra Short Duration Fund Reg(G),Rajesh Bhatia,DT-USD,0.59,0.53,0.53,0.47,0.59,0.5,0.54,0.56,0.49,0.53,Debt : Ultra Short Duration
ITI Value Fund Reg(G),Rohan Korde,EQ-VAL,1.3,5.26,1.82,5.71,4.62,-0.65,-0.23,-5.92,0.75,-1.08,Equity : Value / Contra
JM Aggressive Hybrid Fund(G),Asit Bhandarkar,HY-EQ,-1,7.22,1.62,6.29,3.94,1.73,-0.85,-3.18,-0.28,-0.3,Hybrid : Equity Oriented
JM Arbitrage Fund(G),Asit Bhandarkar,HY-ARB,0.59,0.58,0.57,0.59,0.52,0.55,0.45,0.63,0.49,0.57,Hybrid : Arbitrage
JM Dynamic Bond Fund Reg(G),Killol Pandya,DT-DYN,0.65,-0.35,1.3,0.47,1.03,0.86,1.27,-0.13,0.65,0.37,Debt : Dynamic Bond
JM ELSS Tax Saver Fund(G),Chaitanya Choksi,EQ-ELSS,-0.21,8.3,1.32,9.02,5.09,2.24,0.89,-5.53,-0.75,-0.54,Equity : Tax Saving (ELSS)
JM Flexicap Fund Reg(G),Satish Ramanathan,EQ-FLEX,-0.57,8.78,2.72,8.36,5.11,0.71,0.19,-4.19,-0.86,0.62,Equity : Flexi Cap
JM Focused Fund Reg(G),Asit Bhandarkar,EQ-LC,0.18,7.17,-0.44,5.7,4.5,2.26,-0.07,-4.28,0.43,0.2,Equity : Large Cap
JM Large Cap Fund Reg(G),Satish Ramanathan,EQ-LC,0.47,3.66,1.44,5.8,5.11,-0.23,0.0,-5.73,-0.21,-2.83,Equity : Large Cap
JM Liquid Fund(G),Killol Pandya,DT-LIQ,0.63,0.59,0.59,0.56,0.6,0.57,0.58,0.58,0.56,0.57,Debt : Liquid
JM Low Duration Fund(G),Killol Pandya,DT-LOWD,0.65,0.55,0.61,0.54,0.71,0.54,0.65,0.6,0.53,0.57,Debt : Low Duration
JM Medium to Long Duration Fund Reg(G),Killol Pandya,DT-M&LD,0.65,-0.37,1.4,0.48,0.96,0.87,1.18,-0.11,0.65,0.37,Debt : Medium to Long Duration
JM Midcap Fund Reg(G),Satish Ramanathan,EQ-MID,0.05,11.9,4.39,7.23,4.72,0.21,1.92,-4.96,-1.47,1.46,Equity : Mid Cap
JM Overnight Fund Reg(G),Killol Pandya,DT-ON,0.55,0.53,0.55,0.52,0.53,0.53,0.52,0.53,0.52,0.55,Debt : Overnight
JM Short Duration Fund Reg(G),Killol Pandya,DT-SD,0.57,0.24,0.79,0.53,0.88,0.61,0.75,0.44,0.49,0.46,Debt : Short Duration
JM Small Cap Fund Reg(G),Asit Bhandarkar,EQ-SML,-,-,-,-,4.56,4.18,1.79,-3.68,-0.45,0.3,Equity : Small Cap
JM Value Fund(G),Satish Ramanathan,EQ-VAL,-2.14,8.57,2.24,8.58,6.19,1.33,-1.46,-5.31,-1.71,-0.58,Equity : Value / Contra
Kotak Balanced Advantage Fund Reg(G),Rohit Tandon,HY-DYN,1.09,1.51,1.04,4.45,3.1,1.29,1.5,-3.12,1.19,-0.23,Hybrid : Dynamic Asset Allocation
Kotak Banking & Financial Services Fund Reg(G),Shibani Kurian,EQ-FIN,0.63,4.95,-0.79,8.09,0.91,0.16,3.75,-2.6,0.17,-2.1,Equity : Sectoral - Financial Services
Kotak Banking and PSU Debt Fund(G),Deepak Agrawal,DT-B&PSU,0.68,0.21,0.88,0.54,0.86,0.72,0.96,0.45,0.53,0.49,Debt : Banking & PSU
Kotak Bluechip Fund(G),Rohit Tandon,EQ-LC,1.61,2.33,1.52,7.16,4.24,0.83,2.36,-6.36,0.88,-1.57,Equity : Large Cap
Kotak Bond Fund Reg(G),Abhishek Bisen,DT-M&LD,0.76,-0.39,1.37,0.7,0.88,0.87,1.26,-0.06,0.42,0.38,Debt : Medium to Long Duration
Kotak Bond Short Term Fund(G),Deepak Agrawal,DT-SD,0.67,0.31,0.78,0.53,0.93,0.67,0.83,0.49,0.52,0.46,Debt : Short Duration
Kotak BSE Housing Index Fund Reg(G),Devender Singhal,EQ-INDX,-0.97,7.51,3.12,10.21,0.2,-2.05,3.68,-8.23,1.28,1.49,Equity : Index Funds
Kotak BSE PSU Index Fund Reg(G),Devender Singhal,EQ-INDX,-,-,-,-,-,-3.34,-2.64,-7.07,0.41,-5.26,Equity : Index Funds
Kotak BSE Sensex ETF,Devender Singhal,EQ-ETF,1.57,1.1,-0.35,7.05,3.49,0.93,2.33,-5.71,0.55,-2.11,Equity : ETFs
Kotak Business Cycle Fund Reg(G),Harish Bihani,EQ-THEM,2.06,4.01,2.93,8.44,3.63,2,4.43,-5.68,1.11,0.11,Equity : Thematic
Kotak Consumption Fund Reg(G),Devender Singhal,EQ-CONS,1.13,4.85,1.58,8.47,7.11,5.26,4.66,-8.21,1.02,-0.44,Equity : Thematic - Consumption
Kotak Corporate Bond Fund(G),Deepak Agrawal,DT-CORP,0.7,0.31,0.87,0.52,0.95,0.73,0.97,0.48,0.55,0.49,Debt : Corporate Bond
Kotak Credit Risk Fund(G),Deepak Agrawal,DT-CR,0.93,0.13,0.82,0.57,0.78,1.1,-0.36,0.63,0.34,0.14,Debt : Credit Risk
Kotak CRISIL IBX AAA Financial Services Index   Sep 2027 Fund Reg(G),Abhishek Bisen,DT-M&LD,-,-,-,-,-,-,-,0.88,0.51,0.59,Debt : Medium to Long Duration
Kotak Debt Hybrid Fund(G),Shibani Kurian,HY-DT(CO),0.5,0.89,1.3,2.16,1.63,1.67,1.54,-1.79,0.51,-0.05,Hybrid : Debt Oriented (Conservative)
Kotak Dynamic Bond Fund Reg(G),Deepak Agrawal,DT-DYN,0.78,-0.71,1.51,0.95,0.75,1.26,1.69,-0.11,0.07,0.33,Debt : Dynamic Bond
Kotak ELSS Tax Saver Fund(G),Harsha Upadhyaya,EQ-ELSS,2.18,5.38,2.42,5.59,3.56,-0.94,2.98,-5.89,0.76,-0.73,Equity : Tax Saving (ELSS)
Kotak Emerging Equity Fund(G),Atul Bhole,EQ-MID,-0.09,7.34,5.23,9.48,4.69,0.92,2.0,-4.53,1.76,1.06,Equity : Mid Cap
Kotak Equity Arbitrage Fund(G),Hiten Shah,HY-ARB,0.63,0.72,0.59,0.67,0.6,0.55,0.49,0.67,0.53,0.64,Hybrid : Arbitrage
Kotak Equity Hybrid Fund(G),Atul Bhole,HY-EQ,1.22,3.23,2.74,6.42,4.57,1.15,1.65,-4.02,1.36,-0.48,Hybrid : Equity Oriented
Kotak Equity Opp Fund(G),Harsha Upadhyaya,EQ-L&M,1.94,6.41,3.38,5.94,3.26,-0.32,2.61,-5.67,1.01,-0.67,Equity : Large & Mid Cap
Kotak Equity Savings Fund(G),Devender Singhal,HY-EQ,1.21,1.51,0.74,2.18,2.39,1.42,0.64,-2.49,1.55,-0.4,Hybrid : Equity Oriented
Kotak ESG Exclusionary Strategy Fund Reg(G),Mandar Pawar,EQ-THEM,1.4,3.06,1.55,6.38,3.49,0.34,3.04,-6.79,0.28,-2.58,Equity : Thematic
Kotak Flexicap Fund(G),Harsha Upadhyaya,EQ-FLEX,2.43,4.44,2.57,6.17,3.69,-1.23,1.93,-5.87,1.28,-1.57,Equity : Flexi Cap
Kotak Floating Rate Fund Reg(G),Deepak Agrawal,DT-FL,0.67,0.7,0.58,0.64,1.01,0.65,0.67,0.79,0.51,0.53,Debt : Floater
Kotak Focused Equity Fund Reg(G),Shibani Kurian,EQ-MLC,1.7,3.38,1.5,7.66,4.21,0.58,2.41,-6.73,1.11,-2.4,Equity : Multi Cap
Kotak Gilt Fund PF&Trust(G),Abhishek Bisen,DT-GILT,0.79,-0.85,1.75,1,0.58,1.18,1.75,-0.45,0.2,0.45,Debt : Gilt
Kotak Gilt Fund Reg(G),Abhishek Bisen,DT-GILT,0.79,-0.85,1.75,1,0.58,1.18,1.75,-0.45,0.2,0.45,Debt : Gilt
Kotak Global Emerging Mkt Fund(G),Arjun Khanna,FOF-OVR,2.2,0,0.38,3.11,-0.91,2.18,4.8,-3.07,-3.0,-1.05,FoFs : Overseas
Kotak Global Innovation FoF Reg(G),Arjun Khanna,FOF-OVR,1.61,-4.12,3.59,2.25,0.26,3.74,1.61,-0.33,5.97,-2.86,FoFs : Overseas
Kotak Gold ETF,Abhishek Bisen,GOLD-ETF,7.81,6.56,0.8,-0.79,-3.48,3.69,4.57,5.33,-3.47,-0.66,Gold : ETFs
Kotak Gold Fund(G),Abhishek Bisen,GOLD-MF,7.23,7.51,0.55,-0.82,-3.57,3.57,4.63,5.08,-3.9,-0.19,Gold : MFs
Kotak Healthcare Fund Reg(G),Shibani Kurian,EQ-PHRM,0.09,-0.2,-2.46,4.88,10.12,5.49,3.65,-1.37,0.5,3.55,Equity : Sectoral - Pharma
Kotak Income Plus Arbitrage FOF Reg(G),Abhishek Bisen,FOF-DOM,0.81,-0.55,1.95,1.16,0.63,1.1,1.75,-0.34,0.5,0.58,FoFs : Domestic
Kotak India EQ Contra Fund(G),Shibani Kurian,EQ-VAL,0.78,4.85,1.77,7.27,4.47,1.28,1.24,-5.56,0.49,-1.88,Equity : Value / Contra
Kotak Infra & Eco Reform Fund(G),Nalin Rasik Bhatt,EQ-INFRA,3.12,8.35,5.6,8.48,2.6,-2.43,2.41,-7.15,0.83,0.35,Equity : Sectoral - Infrastructure
Kotak International REIT FOF Reg(G),Arjun Khanna,FOF-OVR,2.64,-4.35,0.29,-1.68,4.51,9.32,5.96,-7.43,-1.32,-4.62,FoFs : Overseas
Kotak Liquid Fund Reg(G),Deepak Agrawal,DT-LIQ,0.64,0.61,0.59,0.57,0.6,0.57,0.58,0.58,0.56,0.57,Debt : Liquid
Kotak Long Duration Fund Reg(G),Abhishek Bisen,DT-LD,-,-1.25,2.34,1.33,0.57,1.19,1.78,-0.47,0.02,0.68,Debt : Long Duration
Kotak Low Duration Fund(G),Deepak Agrawal,DT-LOWD,0.7,0.6,0.54,0.56,0.69,0.53,0.58,0.74,0.47,0.56,Debt : Low Duration
Kotak Manufacture in India Fund Reg(G),Harsha Upadhyaya,EQ-THEM,3.6,3.87,4.34,7.85,3.81,-1.2,2.1,-7.25,0.07,0.63,Equity : Thematic
Kotak Medium Term Fund(G),Deepak Agrawal,DT-MD,0.71,0.08,0.89,0.56,0.91,0.98,1.19,0.58,0.4,0.21,Debt : Medium Duration
Kotak MNC Fund Reg(G),Harsha Upadhyaya,EQ-MNC,-,-,-,-,-,-,-,-,1.84,-1.03,Equity : Thematic - MNC
Kotak Money Market Fund(G),Deepak Agrawal,DT-MM,0.76,0.6,0.61,0.55,0.69,0.55,0.66,0.61,0.56,0.59,Debt : Money Market
Kotak Multi Asset Allocation Fund Reg(G),Devender Singhal,HY-MULTI,1.87,3.71,2.04,4,2.69,1.16,1.88,-3.26,0.14,-1.33,Hybrid : Multi Asset Allocation
Kotak Multi Asset Allocator FoF Dynamic(G),Devender Singhal,FOF-DOM,2.06,3.15,1.79,4.11,1.52,1.23,2.14,-2.39,0.42,-0.26,FoFs : Domestic
Kotak Multicap Fund Reg(G),Devender Singhal,EQ-MLC,0.85,3.57,0.76,7.62,6.07,1,1.9,-6.26,1.46,-0.36,Equity : Multi Cap
Kotak NASDAQ 100 FoF Reg(G),Arjun Khanna,FOF-OVR,2.15,-2.68,2.95,8.93,-2.32,0.37,2.92,2.91,2.5,2.43,FoFs : Overseas
Kotak Nifty 100 Low Volatility 30 ETF,Devender Singhal,EQ-ETF,0.91,-1.46,0.03,6.96,6.07,2.44,3.67,-8.0,-1.81,-0.79,Equity : ETFs
Kotak NIFTY 100 Low Volatility 30 Index Fund Reg(G),Devender Singhal,EQ-INDX,-,-,-,-,5.93,2.23,3.55,-8.1,-1.89,-0.88,Equity : Index Funds
Kotak Nifty 1D Rate Liquid ETF,Abhishek Bisen,DT-LIQ,0.54,0.52,0.54,0.52,0.53,0.52,0.52,0.53,0.51,0.54,Debt : Liquid
Kotak Nifty 200 Momentum 30 Index Fund Reg(G),Devender Singhal,EQ-INDX,2.65,5.65,4.81,4.05,4.87,0.46,1.26,-8.17,-0.8,-4.26,Equity : Index Funds
Kotak Nifty 50 ETF,Devender Singhal,EQ-ETF,1.58,1.24,0.02,6.74,3.98,1.35,2.27,-6.12,-0.26,-2.02,Equity : ETFs
Kotak Nifty 50 Index Fund Reg(G),Devender Singhal,EQ-INDX,1.49,1.18,-0.06,6.68,3.92,1.32,2.23,-6.15,-0.29,-2.07,Equity : Index Funds
Kotak Nifty 50 Value 20 ETF,Devender Singhal,EQ-ETF,-0.59,1.65,-0.5,6.4,8.5,1.65,0.57,-5.33,0.55,-1.93,Equity : ETFs
Kotak Nifty AAA Bond Jun 2025 HTM Index Fund Reg(G),Abhishek Bisen,DT-SD,-,0.54,0.64,0.56,0.71,0.51,0.61,0.67,0.54,0.59,Debt : Short Duration
Kotak Nifty Alpha 50 ETF,Devender Singhal,EQ-ETF,1.1,6.95,5.32,5.82,6.71,0.4,0.22,-7.07,-0.01,0.18,Equity : ETFs
Kotak Nifty Bank ETF,Devender Singhal,EQ-ETF,2.14,4.81,-0.32,6.92,-1.49,-0.17,3.14,-2.85,1.12,-2.32,Equity : ETFs
Kotak Nifty Financial Services Ex Bank Index Fund Reg(G),Devender Singhal,EQ-INDX,1.44,3.24,-3.51,7.65,4.51,4.57,3.87,-6.99,-2.32,-0.87,Equity : Index Funds
Kotak Nifty G Sec July 2033 Index Fund Reg(G),Abhishek Bisen,DT-LD,0.67,-0.22,1.39,0.51,1.18,0.9,1.43,-0.13,0.74,0.52,Debt : Long Duration
Kotak NIFTY India Consumption ETF,Devender Singhal,EQ-ETF,3.21,2.73,0.67,6.64,6.15,2.5,6.18,-10.48,-0.2,-0.75,Equity : ETFs
Kotak Nifty India Tourism Index Fund Reg(G),Devender Singhal,EQ-INDX,-,-,-,-,-,-,-,-10.42,7.6,5.25,Equity : Index Funds
Kotak Nifty IT ETF,Devender Singhal,EQ-ETF,-7.49,-4.86,-1.62,11.64,13.09,4.75,-1.98,-3.12,6.75,0.43,Equity : ETFs
Kotak NIFTY Midcap 150 Momentum 50 Index Fund Reg(G),Devender Singhal,EQ-INDX,-,-,-,-,-,-,-,-,1.09,0.76,Equity : Index Funds
Kotak Nifty Midcap 50 ETF,Devender Singhal,EQ-ETF,-1.56,4.69,1.98,8.84,6.14,-0.18,1.57,-7.96,1.06,1.75,Equity : ETFs
Kotak NIFTY Midcap 50 Index Fund Reg(G),Devender Singhal,EQ-INDX,-,-,-,-,-,-,1.4,-8.04,0.97,1.66,Equity : Index Funds
Kotak NIFTY MNC ETF,Devender Singhal,EQ-ETF,3.09,4.61,5.51,6.39,3.23,-0.8,5.13,-10.3,-1.15,-3.07,Equity : ETFs
Kotak Nifty Next 50 Index Fund Reg(G),Devender Singhal,EQ-INDX,2.75,6.96,3.99,5.93,4.57,0.72,2.3,-9.33,1.18,-3.68,Equity : Index Funds
Kotak Nifty PSU Bank ETF,Devender Singhal,EQ-ETF,1.08,8.49,-2.38,-0.18,0.39,-5.58,-3.33,-0.5,1.28,-4.05,Equity : ETFs
Kotak Nifty SDL Apr 2027 Top 12 Equal Weight Index Fund Reg(G),Abhishek Bisen,DT-M&LD,0.48,0.49,0.87,0.7,0.95,0.68,0.72,0.58,0.44,0.52,Debt : Medium to Long Duration
Kotak Nifty SDL Apr 2032 Top 12 Equal Weight Index Fund Reg(G),Abhishek Bisen,DT-LD,0.7,-0.06,1.21,0.61,0.93,1.16,1.09,0.48,0.34,0.71,Debt : Long Duration
Kotak Nifty SDL Jul 2026 Index Fund Reg(G),Abhishek Bisen,DT-M&LD,0.56,0.46,0.73,0.67,0.8,0.68,0.7,0.58,0.44,0.48,Debt : Medium to Long Duration
Kotak Nifty SDL Jul 2033 Index Fund Reg(G),Abhishek Bisen,DT-LD,0.68,-0.07,1.31,0.71,0.96,1,1.34,0.31,0.15,0.85,Debt : Long Duration
Kotak Nifty SDL Plus AAA PSU Bond Jul 2028 60:40 Index Fund Reg(G),Abhishek Bisen,DT-M&LD,0.63,0.21,0.92,0.63,0.99,0.75,0.88,0.49,0.51,0.44,Debt : Medium to Long Duration
Kotak Nifty Smallcap 50 Index Fund Reg(G),Devender Singhal,EQ-INDX,-4.78,11.65,-1.76,10.95,4.37,2.54,0.2,-2.46,0.04,-0.62,Equity : Index Funds
Kotak Overnight Fund Reg(G),Deepak Agrawal,DT-ON,0.55,0.53,0.55,0.53,0.54,0.54,0.53,0.53,0.52,0.55,Debt : Overnight
Kotak Pioneer Fund Reg(G),Harish Bihani,EQ-THEM,2.95,2.24,3.34,8.56,2.19,2.79,3.12,-6.45,1.76,0.72,Equity : Thematic
Kotak Quant Fund Reg(G),Harsha Upadhyaya,EQ-THEM,0.07,4.93,1.18,7.18,3.72,-0.55,3.82,-8.53,-1.93,-0.83,Equity : Thematic
Kotak Savings Fund(G),Deepak Agrawal,DT-USD,0.69,0.59,0.58,0.52,0.64,0.53,0.61,0.6,0.51,0.57,Debt : Ultra Short Duration
Kotak Silver ETF,Jeetu Valechha Sonar,GOLD-ETF,6.76,7.74,15.03,-4.77,-5.62,2.45,5.26,7.59,-7.31,-3.85,Gold : ETFs
Kotak Silver ETF FoF Reg(G),Jeetu Valechha Sonar,GOLD-MF,5.94,7.94,14.55,-4.61,-5.37,2.1,5.65,6.99,-7.36,-3.74,Gold : MFs
Kotak Small Cap Fund(G),Harish Bihani,EQ-SML,-0.98,7.11,3.75,9.62,4.68,0.57,3.54,-4.15,-0.26,-0.48,Equity : Small Cap
Kotak Special Opportunities Fund Reg(G),Devender Singhal,EQ-THEM,-,-,-,-,2.25,1.29,1.91,-5.5,1.85,-2.06,Equity : Thematic
Kotak Technology Fund Reg(G),Shibani Kurian,EQ-TECH,-,-1.17,0.48,10.88,11.03,6.43,-0.56,-4.81,4.59,0.1,Equity : Sectoral - Technology
LIC MF Aggressive Hybrid Fund(G),Karan Doshi,HY-EQ,0.66,3.6,1.29,5.64,2.64,1.83,1.54,-3.67,0.5,-1.19,Hybrid : Equity Oriented
LIC MF Arbitrage Fund Reg(G),Sumit Bhatnagar,HY-ARB,0.57,0.64,0.56,0.52,0.59,0.53,0.5,0.56,0.53,0.55,Hybrid : Arbitrage
LIC MF Balanced Advantage Fund Reg(G),Yogesh Patil,HY-EQ,1.01,1.38,0.56,4.53,2.32,1.04,1.23,-1.89,0.86,0.16,Hybrid : Equity Oriented
LIC MF Banking & Financial Services Fund Reg(G),Jaiprakash Toshniwal,EQ-FIN,-1.59,6.49,-2.14,8.17,-1.78,-0.3,2.89,-4.37,0.54,-2.52,Equity : Sectoral - Financial Services
LIC MF Banking & PSU Fund Reg(G),Marzban Irani,DT-B&PSU,0.65,0.24,0.77,0.57,0.82,0.69,0.95,0.46,0.47,0.47,Debt : Banking & PSU
LIC MF BSE Sensex ETF,Sumit Bhatnagar,EQ-ETF,1.58,1.12,-0.33,7.07,3.5,0.95,2.3,-5.71,0.56,-2.1,Equity : ETFs
LIC MF BSE Sensex Index Fund Reg(G),Sumit Bhatnagar,EQ-INDX,1.49,1.03,-0.41,6.96,3.41,0.86,2.24,-5.79,0.48,-2.18,Equity : Index Funds
LIC MF Childrens Fund Reg(G),Nikhil Rungta,HY-SOL,-0.61,3.18,0.43,8.28,3.07,1.52,1.58,-4.87,1.97,1.48,Hybrid : Solution Oriented
LIC MF Conservative Hybrid Fund(G),Pratik Shroff,HY-DT(CO),0.09,0.11,0.95,2.4,1.43,0.96,1.32,-1.27,0.89,-0.05,Hybrid : Debt Oriented (Conservative)
LIC MF Dividend Yield Fund Reg(G),Dikshit Mittal,EQ-DIV,0.37,6.24,3.01,8.11,6.23,2.1,1.74,-6.29,0.0,-1.05,Equity : Thematic - Dividend Yield
LIC MF ELSS Tax Saver Reg(G),Yogesh Patil,EQ-ELSS,1.42,4.01,2.18,9.04,3.85,1.38,2.38,-5.09,0.91,0.55,Equity : Tax Saving (ELSS)
LIC MF Equity Savings Fund(G),Sumit Bhatnagar,HY-EQ,0.22,2.01,-0.04,2.9,2.03,0.66,0.4,-1.27,0.54,-0.06,Hybrid : Equity Oriented
LIC MF Flexi Cap Fund Reg(G),Nikhil Rungta,EQ-FLEX,0.45,4.01,1.56,9.38,4.6,-0.01,3.0,-5.66,0.83,-1.15,Equity : Flexi Cap
LIC MF Focused Fund Reg(G),Jaiprakash Toshniwal,EQ-LC,1.3,2.12,-0.1,8.71,7.46,1.02,1.74,-7.01,0.71,-3.19,Equity : Large Cap
LIC MF Gilt Fund PF(G),Marzban Irani,DT-GILT,0.71,-0.46,1.35,0.79,0.71,0.96,1.53,-0.31,0.22,0.51,Debt : Gilt
LIC MF Gilt Fund Reg(G),Marzban Irani,DT-GILT,0.71,-0.46,1.35,0.79,0.71,0.96,1.53,-0.31,0.22,0.51,Debt : Gilt
LIC MF Gold ETF,Sumit Bhatnagar,GOLD-ETF,9.06,5.85,0.5,-0.68,-3.94,4.31,4.72,5.36,-3.77,-0.31,Gold : ETFs
LIC MF Gold ETF FoF(G),Sumit Bhatnagar,GOLD-MF,7.29,7.86,0.39,-0.39,-2.79,2.31,5.52,4.5,-4.05,-0.73,Gold : MFs
LIC MF Healthcare Fund Reg(G),Karan Doshi,EQ-PHRM,0.88,1.64,-1.58,4.2,11.04,5.99,1.85,1.87,0.17,0.73,Equity : Sectoral - Pharma
LIC MF Infra Fund Reg(G),Yogesh Patil,EQ-INFRA,0.4,11.22,7.95,9.64,5.54,0.27,-0.87,-3.22,1.35,0.32,Equity : Sectoral - Infrastructure
LIC MF Large & Midcap Fund Reg(G),Yogesh Patil,EQ-L&M,-0.45,6.96,3.36,9.49,4.76,1.42,0.63,-4.77,0.91,0.08,Equity : Large & Mid Cap
LIC MF Large Cap Fund Reg(G),Nikhil Rungta,EQ-LC,1.85,2.71,1.2,6.87,4.64,1.28,1.51,-6.31,0.48,-1.59,Equity : Large Cap
LIC MF Liquid Fund Reg(G),Rahul Singh,DT-LIQ,0.65,0.63,0.6,0.57,0.6,0.58,0.59,0.59,0.56,0.58,Debt : Liquid
LIC MF Low Duration Fund(G),Rahul Singh,DT-LOWD,0.65,0.52,0.57,0.51,0.7,0.53,0.61,0.6,0.48,0.58,Debt : Low Duration
LIC MF Manufacturing Fund Reg(G),Yogesh Patil,EQ-THEM,-,-,-,-,-,-,-,-,0.18,-1.98,Equity : Thematic
LIC MF Medium to Long Duration Fund Reg(G),Marzban Irani,DT-M&LD,0.66,-0.15,1.19,0.57,0.93,0.98,1.2,0.2,0.37,0.62,Debt : Medium to Long Duration
LIC MF Midcap Fund(G),Karan Doshi,EQ-MID,-0.26,7.71,4.45,10.18,4.57,1.43,1.19,-6.44,0.25,1.42,Equity : Mid Cap
LIC MF Money Market Fund Reg(G),Rahul Singh,DT-MM,0.56,0.51,0.51,0.44,0.5,0.44,0.48,0.45,0.43,0.51,Debt : Money Market
LIC MF Multi Cap Fund Reg(G),Dikshit Mittal,EQ-MLC,-0.76,6.66,3.68,10,5.2,2.32,1.01,-5.46,2.41,0.31,Equity : Multi Cap
LIC MF Nifty 100 ETF,Sumit Bhatnagar,EQ-ETF,1.75,2.22,0.62,6.46,4.11,1.12,2.32,-6.73,0.01,-2.24,Equity : ETFs
LIC MF Nifty 50 ETF,Sumit Bhatnagar,EQ-ETF,1.55,1.24,0.02,6.74,3.97,1.35,2.26,-6.12,-0.26,-2.02,Equity : ETFs
LIC MF Nifty 50 Index Fund(G),Sumit Bhatnagar,EQ-INDX,1.47,1.16,-0.06,6.63,3.88,1.27,2.19,-6.23,-0.33,-2.11,Equity : Index Funds
LIC MF Nifty 8 13 yr G Sec ETF,Marzban Irani,DT-ETF,0.73,-0.32,1.56,0.47,1.15,1.01,1.4,-0.08,0.88,0.51,Debt : ETFs
LIC MF Nifty Midcap 100 ETF,Sumit Bhatnagar,EQ-ETF,-0.55,5.79,1.61,7.86,5.88,0.58,1.33,-6.68,0.54,1.41,Equity : ETFs
LIC MF Nifty Next 50 Index Fund(G),Sumit Bhatnagar,EQ-INDX,2.75,6.94,4,5.86,4.56,0.68,2.25,-9.31,1.16,-3.83,Equity : Index Funds
LIC MF Overnight Fund Reg(G),Rahul Singh,DT-ON,0.55,0.52,0.54,0.53,0.53,0.53,0.52,0.53,0.51,0.55,Debt : Overnight
LIC MF Short Duration Fund Reg(G),Marzban Irani,DT-SD,0.61,0.25,0.82,0.47,0.92,0.62,0.84,0.43,0.5,0.48,Debt : Short Duration
LIC MF Small Cap Fund(G),Nikhil Rungta,EQ-SML,-3.19,9.54,4.24,11.15,4.04,2.44,1.18,-3.16,1.79,1.51,Equity : Small Cap
LIC MF ULIS,Dikshit Mittal,HY-SOL,-0.42,3.31,-0.12,5.79,4.4,1.25,1.08,-4.93,1.14,-0.96,Hybrid : Solution Oriented
LIC MF Ultra Short Duration Fund Reg(G),Rahul Singh,DT-USD,0.62,0.59,0.54,0.51,0.62,0.52,0.58,0.58,0.5,0.54,Debt : Ultra Short Duration
LIC MF Value Fund Reg(G),Nikhil Rungta,EQ-VAL,-0.8,3.55,2.26,8.13,6.23,1.81,2.04,-5.35,2.54,1.43,Equity : Value / Contra
Mahindra Manulife Aggressive Hybrid Fund Reg(G),Fatema Pacha,HY-EQ,1.4,4,0.18,7.23,4.47,1.51,1.41,-4.44,0.39,-1.27,Hybrid : Equity Oriented
Mahindra Manulife Arbitrage Fund Reg(G),Navin Matta,HY-ARB,0.49,0.59,0.43,0.54,0.48,0.46,0.39,0.47,0.46,0.51,Hybrid : Arbitrage
Mahindra Manulife Asia Pacific REITs FOF Reg(G),Krishna Sanghavi,FOF-OVR,-0.41,-4.03,0.47,-2.22,6.11,8.98,5.13,-7.5,-3.83,-2.6,FoFs : Overseas
Mahindra Manulife Balanced Advantage Fund Reg(G),Manish Lodha,HY-DYN,0.17,2.31,-0.23,4.4,2.24,1.32,0.93,-2.84,0.43,-0.21,Hybrid : Dynamic Asset Allocation
Mahindra Manulife Business Cycle Fund Reg(G),Krishna Sanghavi,EQ-THEM,1.12,7.19,0.85,6.59,7.46,0.6,2.15,-7.01,-1.15,-2.05,Equity : Thematic
Mahindra Manulife Consumption Fund Reg(G),Navin Matta,EQ-CONS,1.44,4.34,0.33,7.51,6.19,2.06,4.33,-9.03,-0.3,-1.19,Equity : Thematic - Consumption
Mahindra Manulife Dynamic Bond Fund Reg(G),Rahul Pal,DT-CR,0.7,-0.34,1.61,0.68,0.79,0.85,1.33,-0.18,0.27,0.43,Debt : Credit Risk
Mahindra Manulife ELSS Tax Saver Fund Reg(G),Fatema Pacha,EQ-ELSS,0.83,4.33,0.48,6.24,4.75,0.15,0.99,-6.08,0.23,-1.6,Equity : Tax Saving (ELSS)
Mahindra Manulife Equity Savings Fund Reg(G),Manish Lodha,HY-EQ,0.39,1.59,0.05,2.76,2.22,0.42,0.8,-1.72,0.16,-0.32,Hybrid : Equity Oriented
Mahindra Manulife Flexi Cap Fund Reg(G),Fatema Pacha,EQ-FLEX,0.44,3.91,0.27,6.96,5.14,0.5,1.43,-6.58,0.56,-1.6,Equity : Flexi Cap
Mahindra Manulife Focused Fund Reg(G),Krishna Sanghavi,EQ-FLEX,1.46,4.21,0.54,6.49,5.35,1.22,0.86,-7.27,0.28,-2.66,Equity : Flexi Cap
Mahindra Manulife Large & Mid Cap Fund Reg(G),Manish Lodha,EQ-L&M,-0.31,4.82,0.1,4.53,2.68,2.2,0.77,-5.78,-0.64,0.08,Equity : Large & Mid Cap
Mahindra Manulife Large Cap Fund Reg(G),Fatema Pacha,EQ-LC,2.02,2.92,0.2,6.78,5.39,1.03,0.15,-6.48,0.55,-2.53,Equity : Large Cap
Mahindra Manulife Liquid Fund Reg(G),Rahul Pal,DT-LIQ,0.64,0.6,0.6,0.57,0.6,0.58,0.58,0.59,0.56,0.59,Debt : Liquid
Mahindra Manulife Low Duration Fund Reg(G),Rahul Pal,DT-LOWD,0.64,0.61,0.54,0.54,0.69,0.53,0.6,0.64,0.5,0.55,Debt : Low Duration
Mahindra Manulife Manufacturing Fund Reg(G),Renjith Sivaram,EQ-THEM,-,-,-,-,3.73,-1.81,2.7,-7.54,0.11,-3.17,Equity : Thematic
Mahindra Manulife Mid Cap Fund Reg(G),Kirti Dalvi,EQ-MID,0.42,7.53,2.21,7.28,6.29,0.32,1.9,-5.99,0.84,-0.24,Equity : Mid Cap
Mahindra Manulife Multi Asset Allocation Fund Reg(G),Renjith Sivaram,HY-MULTI,-,2.34,2.41,2.91,2.48,0.82,1.63,-1.5,-0.97,-0.94,Hybrid : Multi Asset Allocation
Mahindra Manulife Multi Cap Fund Reg(G),Manish Lodha,EQ-MLC,-0.35,5.63,1.02,7.32,4.08,2.41,1.1,-6.44,-0.3,1.16,Equity : Multi Cap
Mahindra Manulife Overnight Fund Reg(G),Rahul Pal,DT-ON,0.56,0.53,0.55,0.53,0.53,0.53,0.52,0.53,0.52,0.55,Debt : Overnight
Mahindra Manulife Short Duration Fund Reg(G),Rahul Pal,DT-SD,0.66,0.35,0.74,0.55,0.92,0.63,0.81,0.41,0.52,0.54,Debt : Short Duration
Mahindra Manulife Small Cap Fund Reg(G),Vishal Jajoo,EQ-SML,-0.65,8.8,1.02,7.36,7.06,2.34,2.02,-4.94,-1.3,-0.87,Equity : Small Cap
Mahindra Manulife Ultra Short Duration Fund Reg(G),Rahul Pal,DT-USD,0.66,0.62,0.58,0.56,0.65,0.54,0.61,0.61,0.53,0.6,Debt : Ultra Short Duration
Mirae Asset Aggressive Hybrid Fund Reg(G),Harshad Borawake,HY-EQ,0.31,2.36,0.94,5.43,4.27,1.65,1.46,-4.62,0.33,-1.48,Hybrid : Equity Oriented
Mirae Asset Arbitrage Fund Reg(G),Jignesh Rao,HY-ARB,0.6,0.64,0.58,0.64,0.58,0.54,0.46,0.65,0.46,0.61,Hybrid : Arbitrage
Mirae Asset Balanced Advantage Fund Reg(G),Harshad Borawake,HY-DYN,0.02,2.21,0.67,3.71,2.8,1.11,0.94,-2.8,0.42,-0.47,Hybrid : Dynamic Asset Allocation
Mirae Asset Banking and Financial Services Fund Reg(G),Gaurav Kochar,EQ-FIN,-0.91,6.43,-1.81,8.98,0.56,-0.49,3.55,-2.71,-0.04,-1.91,Equity : Sectoral - Financial Services
Mirae Asset Banking and PSU Fund Reg(G),Kruti Chheta,DT-B&PSU,0.68,0.23,0.86,0.46,0.84,0.74,0.73,0.45,0.54,0.66,Debt : Banking & PSU
Mirae Asset BSE Sensex ETF,Ekta Gala,EQ-ETF,1.58,1.13,-0.33,7.06,3.51,0.94,2.34,-5.7,0.56,-2.1,Equity : ETFs
Mirae Asset Corp Bond Fund Reg(G),Amit Modani,DT-CORP,0.78,0.28,0.87,0.47,0.89,0.72,0.76,0.44,0.58,0.67,Debt : Corporate Bond
Mirae Asset CRISIL IBX Gilt Index   April 2033 Index Fund Reg(G),Amit Modani,DT-GILT,0.66,-0.24,1.45,0.55,1.16,0.94,1.45,-0.07,0.7,0.54,Debt : Gilt
Mirae Asset Dynamic Bond Fund Reg(G),Amit Modani,DT-DYN,0.53,0.32,0.72,0.54,0.83,0.58,0.68,0.51,0.42,0.46,Debt : Dynamic Bond
Mirae Asset ELSS Tax Saver Fund Reg(G),Neelesh Surana,EQ-ELSS,-0.16,4.52,0.44,7.36,5.09,1.48,1.36,-6.04,1.29,-1.42,Equity : Tax Saving (ELSS)
Mirae Asset Equity Allocator FoF Reg(G),Bharti Sawant,FOF-DOM,1.07,3.03,0.98,6.78,4.26,1.09,2.14,-6.67,0.03,-1.57,FoFs : Domestic
Mirae Asset Equity Savings Fund Reg(G),Harshad Borawake,HY-EQ,0.2,1.8,0.51,3.16,2.42,1.13,1.01,-1.94,0.62,-0.04,Hybrid : Equity Oriented
Mirae Asset Flexi Cap Fund Reg(G),Varun Goel,EQ-FLEX,0.13,3.61,0.3,6.96,2.84,1.19,2.63,-5.44,1.33,-0.28,Equity : Flexi Cap
Mirae Asset Focused Fund Reg(G),Gaurav Misra,EQ-MLC,-0.48,1.81,-0.72,7.45,5.2,2.11,4.03,-3.89,0.71,-0.63,Equity : Multi Cap
Mirae Asset Global Electric & Autonomous Vehicles ETFs FoF Reg(G),Siddharth Srivastava,FOF-OVR,-1.23,-4.55,2.01,-3.23,-0.78,-2.79,7.95,-3.93,4.78,-0.18,FoFs : Overseas
Mirae Asset Global X Artificial Intelligence & Technology ETF FoF Reg(G),Siddharth Srivastava,FOF-OVR,2.5,-5.36,3.64,7.07,-1.43,1.15,4.99,-1.29,6.62,0.85,FoFs : Overseas
Mirae Asset Gold ETF,Ritesh Patel,GOLD-ETF,7.95,6.37,0.79,-0.78,-3.45,3.68,4.55,5.33,-3.45,-0.65,Gold : ETFs
Mirae Asset Gold ETF FoF Reg(G),Ritesh Patel,GOLD-ETF,-,-,-,-,-,-,-,-,-3.52,-0.43,Gold : ETFs
Mirae Asset Great Consumer Fund Reg(G),Ankit Jain,EQ-CONS,0.63,4.51,0.59,7.89,7.02,3.06,4.81,-10.05,-0.35,-0.78,Equity : Thematic - Consumption
Mirae Asset Hang Seng TECH ETF,Siddharth Srivastava,EQ-ETF,1.88,6.77,-0.17,-3.48,-0.51,1.53,33.84,-5.13,-2.79,4.06,Equity : ETFs
Mirae Asset Hang Seng TECH ETF FoF Reg(G),Ekta Gala,FOF-OVR,-4.04,5.92,7.35,-0.33,-2.58,0.32,33.07,8.12,-5.42,-0.22,FoFs : Overseas
Mirae Asset Healthcare Fund Reg(G),Vrijesh Kasera,EQ-PHRM,0.88,0.19,-0.78,5.13,11.03,7.2,0.85,-1.32,-1.46,4.07,Equity : Sectoral - Pharma
Mirae Asset Large & Midcap Fund Reg(G),Neelesh Surana,EQ-L&M,-0.48,4.04,0.93,7.42,5.11,0.93,0.93,-6.55,0.74,-1.29,Equity : Large & Mid Cap
Mirae Asset Large Cap Fund Reg(G),Gaurav Misra,EQ-LC,1.01,2.37,0.25,7.25,4.76,1.31,2.47,-6.3,0.68,-1.83,Equity : Large Cap
Mirae Asset Liquid Fund Reg(G),Abhishek Iyer,DT-LIQ,0.65,0.61,0.6,0.57,0.61,0.58,0.59,0.58,0.56,0.59,Debt : Liquid
Mirae Asset Low Duration Fund Reg Savings Plan(G),Basant Bafna,DT-LOWD,0.69,0.54,0.62,0.56,0.71,0.56,0.62,0.61,0.49,0.58,Debt : Low Duration
Mirae Asset Midcap Fund Reg(G),Ankit Jain,EQ-MID,-1.89,6.13,1.19,8.15,5.1,0.99,1.63,-6.77,0.43,-0.24,Equity : Mid Cap
Mirae Asset Money Market Fund Reg(G),Amit Modani,DT-MM,0.71,0.59,0.59,0.54,0.68,0.6,0.63,0.61,0.56,0.59,Debt : Money Market
Mirae Asset Multi Asset Allocation Fund Reg(G),Harshad Borawake,HY-MULTI,1,2.36,1.25,3.72,1.98,1.45,1.85,-1.88,-0.45,-0.55,Hybrid : Multi Asset Allocation
Mirae Asset Multicap Fund Reg(G),Ankit Jain,EQ-MLC,-1.19,4.78,0.22,8.71,4.65,0.96,1.21,-4.73,0.34,-1.04,Equity : Multi Cap
Mirae Asset Nifty 100 ESG Sector Leaders ETF,Ekta Gala,EQ-ETF,1.58,1.09,0.02,7.18,3.89,1.62,2.49,-6.81,0.04,-2.13,Equity : ETFs
Mirae Asset Nifty 100 ESG Sector Leaders FoF Reg(G),Ekta Gala,FOF-DOM,1.68,1,-0.2,7.26,3.86,1.49,2.59,-7.13,0.35,-2.19,FoFs : Domestic
Mirae Asset Nifty 100 Low Volatility 30 ETF,Ekta Gala,EQ-ETF,0.84,-1.45,0.04,6.97,6.09,2.44,3.67,-8.0,-1.82,-0.8,Equity : ETFs
Mirae Asset Nifty 1D Rate Liquid ETF(G),Amit Modani,DT-ETF,-,-,-,-,-,-,-,-,-,0.54,Debt : ETFs
Mirae Asset Nifty 1D Rate Liquid ETF(IDCW),Amit Modani,DT-ETF,0.54,0.51,0.53,0.48,0.52,0.51,0.5,0.52,0.5,0.52,Debt : ETFs
Mirae Asset Nifty 200 Alpha 30 ETF,Ekta Gala,EQ-ETF,2.14,5.57,4.79,6.33,6.52,1.22,-2.17,-8.97,0.47,0.12,Equity : ETFs
Mirae Asset Nifty 50 ETF,Ekta Gala,EQ-ETF,1.56,1.24,0.02,6.74,3.98,1.35,2.27,-6.12,-0.26,-2.02,Equity : ETFs
Mirae Asset Nifty 50 Index Fund Reg(G),Ekta Gala,EQ-INDX,-,-,-,-,-,-,-,-,-0.35,-2.08,Equity : Index Funds
Mirae Asset Nifty 8 13 yr G Sec ETF,Amit Modani,DT-ETF,0.73,-0.31,1.55,0.47,1.15,1.01,1.4,-0.09,0.89,0.51,Debt : ETFs
Mirae Asset Nifty AAA PSU Bond Plus SDL Apr 2026 50:50 Index Fund Reg(G),Amit Modani,DT-B&PSU,0.63,0.45,0.69,0.59,0.78,0.61,0.62,0.66,0.45,0.54,Debt : Banking & PSU
Mirae Asset Nifty Bank ETF,Ekta Gala,EQ-ETF,2.16,4.83,-0.31,6.92,-1.49,-0.17,3.15,-2.84,1.12,-2.31,Equity : ETFs
Mirae Asset Nifty EV and New Age Automotive ETF,Ekta Gala,EQ-ETF,-,-,-,-,-,0.31,2.97,-10.67,-2.16,-2.72,Equity : ETFs
Mirae Asset Nifty Financial Services ETF,Ekta Gala,EQ-ETF,2.86,4.05,-0.02,7.87,-0.01,1.17,3.55,-2.43,0.55,-2.09,Equity : ETFs
Mirae Asset Nifty India Manufacturing ETF,Ekta Gala,EQ-ETF,4.15,5.93,5.49,6.87,4.02,0.05,2.82,-9.01,-0.84,-1.92,Equity : ETFs
Mirae Asset Nifty India Manufacturing ETF FoF Reg(G),Ekta Gala,FOF-DOM,4.15,5.8,5.49,6.66,3.86,-0.05,3.01,-9.02,-0.88,-2.22,FoFs : Domestic
Mirae Asset Nifty IT ETF,Ekta Gala,EQ-ETF,-7.49,-4.84,-1.61,11.64,13.13,4.76,-1.98,-3.12,6.75,0.43,Equity : ETFs
Mirae Asset Nifty LargeMidcap 250 Index Fund Reg(G),Ekta Gala,EQ-INDX,-,-,-,-,-,-,-,-,-0.02,-0.63,Equity : Index Funds
Mirae Asset Nifty Metal ETF,Ekta Gala,EQ-ETF,-,-,-,-,-,-,-,-,-3.11,-4.05,Equity : ETFs
Mirae Asset Nifty Midcap 150 ETF,Ekta Gala,EQ-ETF,-0.36,6.35,2.22,7.97,5.03,0.37,1.75,-6.42,0.21,1.12,Equity : ETFs
Mirae Asset Nifty MidSmallcap400 Momentum Quality 100 ETF,Ekta Gala,EQ-ETF,-,-,-,7.29,5.85,-0.12,-0.5,-5.78,0.68,-0.69,Equity : ETFs
Mirae Asset Nifty MidSmallcap400 Momentum Quality 100 ETF FoF Reg(G),Ekta Gala,FOF-DOM,-,-,-,7.07,5.48,0,-0.94,-5.52,0.43,-0.66,FoFs : Domestic
Mirae Asset Nifty Next 50 ETF,Ekta Gala,EQ-ETF,2.81,7.05,4.11,5.98,4.65,0.79,2.36,-9.29,1.24,-3.77,Equity : ETFs
Mirae Asset Nifty PSU Bank ETF,Ekta Gala,EQ-ETF,-,-,-,-,-,-,-,-,1.31,-4.02,Equity : ETFs
Mirae Asset Nifty SDL Jun 2027 Index Fund Reg(G),Amit Modani,DT-M&LD,0.51,0.49,0.88,0.72,0.99,0.68,0.73,0.58,0.46,0.5,Debt : Medium to Long Duration
Mirae Asset Nifty SDL June 2028 Index Fund Reg(G),Mahendra Kumar Jajoo,DT-M&LD,0.61,0.26,0.93,0.64,1.09,0.78,0.87,0.47,0.47,0.43,Debt : Medium to Long Duration
Mirae Asset Nifty Smallcap 250 Momentum Quality 100 ETF,Ekta Gala,EQ-ETF,-3.63,10.77,-2.04,9.78,5.82,-0.56,-0.67,-3.8,-0.27,-1.89,Equity : ETFs
Mirae Asset Nifty Smallcap 250 Momentum Quality 100 ETF FoF Reg(G),Ekta Gala,FOF-DOM,-,10.36,-1.9,8.58,6.49,-0.77,-0.78,-4.07,-0.26,-1.71,FoFs : Domestic
Mirae Asset Nifty Total Market Index Fund Reg(G),Ekta Gala,EQ-INDX,-,-,-,-,-,-,-,-,0.02,-1.41,Equity : Index Funds
Mirae Asset Nifty200 Alpha 30 ETF FoF Reg(G),Ekta Gala,FOF-DOM,-,-,-,-,-,1.3,-2.29,-8.96,0.21,-0.1,FoFs : Domestic
Mirae Asset Nifty500 Multicap 50:25:25 ETF,Ekta Gala,EQ-ETF,-,-,-,-,-,-,1.82,-5.86,0.03,-0.8,Equity : ETFs
Mirae Asset NYSE FANG+ ETF,Siddharth Srivastava,EQ-ETF,1.54,-2.75,5.97,9.74,-1.03,-0.47,2.67,2.16,7.21,7.2,Equity : ETFs
Mirae Asset NYSE FANG+ETF FoF Reg(G),Ekta Gala,FOF-OVR,5,9.68,-1.03,-0.82,4.03,-3.57,0.07,3.48,13.42,22.27,FoFs : Overseas
Mirae Asset Overnight Fund Reg(G),Abhishek Iyer,DT-ON,0.55,0.53,0.55,0.53,0.55,0.54,0.52,0.53,0.52,0.55,Debt : Overnight
Mirae Asset S&P 500 Top 50 ETF,Siddharth Srivastava,EQ-ETF,2.74,-3.63,6.26,6.05,-0.08,2.24,2.19,-0.36,5.75,1.85,Equity : ETFs
Mirae Asset S&P 500 Top 50 ETF FoF Reg(G),Ekta Gala,FOF-OVR,6.59,5.61,2.01,0.03,1.66,-1.9,1.51,3.34,17.27,9.22,FoFs : Overseas
Mirae Asset Short Duration Fund Reg(G),Basant Bafna,DT-SD,0.65,0.25,0.81,0.53,0.85,0.67,0.8,0.42,0.53,0.53,Debt : Short Duration
Mirae Asset Silver ETF,Ritesh Patel,GOLD-ETF,6.41,7.99,14.97,-4.77,-5.58,2.38,5.29,7.57,-7.3,-3.85,Gold : ETFs
Mirae Asset Ultra Short Duration Fund Reg(G),Basant Bafna,DT-USD,0.69,0.61,0.61,0.57,0.67,0.58,0.63,0.63,0.55,0.61,Debt : Ultra Short Duration
Motilal Oswal 5 Year G Sec FoF Reg(G),Rakesh Shetty,FOF-DOM,0.57,0.33,0.85,0.41,0.88,1.65,0.17,0.3,0.83,0.59,FoFs : Domestic
Motilal Oswal Asset Allocation Passive FoF Aggressive Reg(G),Bhalchandra Shinde,FOF-DOM,1.97,1.56,1.52,4.14,2.26,1.64,1.96,-2.88,1.16,-0.95,FoFs : Domestic
Motilal Oswal Asset Allocation Passive FoF Conservative Reg(G),Bhalchandra Shinde,FOF-DOM,1.61,1.45,1.16,2.59,1.55,1.68,1.38,-1.44,0.73,-0.36,FoFs : Domestic
Motilal Oswal Balanced Advantage Fund Reg(G),Santosh Singh,HY-DYN,-0.26,2.28,0.58,5.03,4.92,4.73,0.01,-5.88,-2.2,-1.9,Hybrid : Dynamic Asset Allocation
Motilal Oswal BSE Enhanced Value ETF,Swapnil P Mayekar,EQ-ETF,0.4,9.92,0.9,3.31,6.71,-0.16,-0.2,-9.14,-0.8,-4.12,Equity : ETFs
Motilal Oswal BSE Enhanced Value Index Fund Reg(G),Swapnil P Mayekar,EQ-INDX,0.26,9.74,0.83,3.23,6.62,-0.23,-0.27,-9.19,-0.86,-4.17,Equity : Index Funds
Motilal Oswal BSE Financials ex Bank 30 Index Fund Reg(G),Swapnil P Mayekar,EQ-INDX,0.97,2.53,-1.65,6.86,5.45,3.21,2.27,-7.65,-1.82,-1.19,Equity : Index Funds
Motilal Oswal BSE Healthcare ETF,Swapnil P Mayekar,EQ-ETF,-0.11,0.98,-1.45,6.34,9.31,6.68,2.43,-0.74,-0.56,3.65,Equity : ETFs
Motilal Oswal BSE Low Volatility ETF,Swapnil P Mayekar,EQ-ETF,1.07,1.33,-0.9,6.78,4.38,0.3,3.37,-8.21,-2.46,-0.64,Equity : ETFs
Motilal Oswal BSE Low Volatility Index Fund Reg(G),Swapnil P Mayekar,EQ-INDX,0.58,1.24,-0.98,6.62,4.3,0.24,3.3,-8.25,-2.52,-0.7,Equity : Index Funds
Motilal Oswal BSE Quality ETF,Swapnil P Mayekar,EQ-ETF,-0.2,2.77,7.7,4.23,7.53,0.14,0.39,-9.21,-2.84,-1.97,Equity : ETFs
Motilal Oswal BSE Quality Index Fund Reg(G),Swapnil P Mayekar,EQ-INDX,-0.35,2.7,7.65,4.1,7.44,0,0.28,-9.15,-2.83,-2.01,Equity : Index Funds
Motilal Oswal Business Cycle Fund Reg(G),Ajay Khandelwal,EQ-THEM,-,-,-,-,-,-,13.68,-0.35,9.81,4.08,Equity : Thematic
Motilal Oswal Developed Market Ex US ETFs FoF Reg(G),Sunil Sawant,FOF-OVR,3.85,-3.22,4.9,-2.27,3,3.25,0.77,-4.83,0.41,-2.16,FoFs : Overseas
Motilal Oswal Digital India Fund Reg(G),Varun Sharma,EQ-TECH,-,-,-,-,-,-,-,-,-,2.98,Equity : Sectoral - Technology
Motilal Oswal ELSS Tax Saver Fund Reg(G),Ajay Khandelwal,EQ-ELSS,2.4,6.5,1.38,8.46,3.53,3.96,4.93,-3.69,1.78,3.8,Equity : Tax Saving (ELSS)
Motilal Oswal Flexi Cap Fund Reg(G),Niket Shah,EQ-FLEX,2.8,4.15,0.23,10.67,3.91,2.64,6.59,-5.93,4.55,2.66,Equity : Flexi Cap
Motilal Oswal Focused Fund Reg(G),Santosh Singh,EQ-LC,1.42,3.71,0.27,7.25,5.94,4.6,0.88,-8.8,-1.9,-2.03,Equity : Large Cap
Motilal Oswal Gold and Silver ETFs FoF Reg(G),Bhalchandra Shinde,GOLD-MF,7.2,7.58,4.77,-2.06,-3.99,2.69,5.14,5.65,-5.04,-1.48,Gold : MFs
Motilal Oswal Large & Midcap Fund Reg(G),Ajay Khandelwal,EQ-L&M,1.79,5.67,1.05,8.93,3.63,4.19,5.65,-3.93,1.74,4.81,Equity : Large & Mid Cap
Motilal Oswal Large Cap Fund Reg(G),Ajay Khandelwal,EQ-LC,0.56,4.17,1.65,9.63,4.42,2.88,3.85,-4.87,2.5,1.85,Equity : Large Cap
Motilal Oswal Liquid Fund Reg(G),Rakesh Shetty,DT-LIQ,0.61,0.56,0.57,0.54,0.57,0.53,0.56,0.54,0.51,0.56,Debt : Liquid
Motilal Oswal Manufacturing Fund Reg(G),Ajay Khandelwal,EQ-THEM,-,-,-,-,-,-,5.58,-1.81,2.41,6.89,Equity : Thematic
Motilal Oswal Midcap Fund Reg(G),Niket Shah,EQ-MID,3.28,4.71,0.44,14.71,5.02,1.61,5.49,-4.25,5.3,3.81,Equity : Mid Cap
Motilal Oswal Multi Asset Fund Reg(G),Santosh Singh,HY-MULTI,-0.45,1.89,-0.45,3.72,2.72,4.83,0.43,-6.47,-3.23,-2.37,Hybrid : Multi Asset Allocation
Motilal Oswal Multi Cap Fund Reg(G),Ajay Khandelwal,EQ-MLC,-,-,-,-,6.52,6.13,6.37,-4.34,8.34,4.34,Equity : Multi Cap
Motilal Oswal Nasdaq 100 ETF,Sunil Sawant,EQ-ETF,1.7,-4.4,6.33,6.13,-1.29,1.27,2.44,-0.53,5.86,1.63,Equity : ETFs
Motilal Oswal Nasdaq 100 FOF Reg(G),Swapnil P Mayekar,FOF-OVR,3.79,-3.17,3.94,8.14,-4.02,2.28,1.91,1.9,5.69,21.19,FoFs : Overseas
Motilal Oswal NASDAQ Q 50 ETF,Sunil Sawant,EQ-ETF,4.44,-6.44,2.81,1.16,1.75,2.13,4.48,-1.28,13.21,-2.91,Equity : ETFs
Motilal Oswal Nifty 200 Momentum 30 ETF,Swapnil P Mayekar,EQ-ETF,2.71,5.81,4.89,3.41,4.95,0.48,1.29,-8.17,-0.73,-4.17,Equity : ETFs
Motilal Oswal Nifty 200 Momentum 30 Index Fund Reg(G),Swapnil P Mayekar,EQ-INDX,2.65,5.73,4.79,3.48,4.85,0.41,1.21,-8.21,-0.79,-4.17,Equity : Index Funds
Motilal Oswal Nifty 5 Year Benchmark G Sec ETF,Rakesh Shetty,DT-ETF,0.59,0.02,1.08,0.59,1.34,0.86,1.0,-0.01,0.76,0.48,Debt : ETFs
Motilal Oswal Nifty 50 ETF,Swapnil P Mayekar,EQ-ETF,1.56,1.24,0.02,6.73,3.98,1.35,2.26,-6.12,-0.26,-2.02,Equity : ETFs
Motilal Oswal Nifty 50 Index Fund Reg(G),Swapnil P Mayekar,EQ-INDX,1.52,1.2,-0.03,6.7,3.93,1.31,2.23,-6.17,-0.3,-2.06,Equity : Index Funds
Motilal Oswal Nifty 500 ETF,Swapnil P Mayekar,EQ-ETF,0.81,3.65,0.7,7.01,4.36,1.02,2.14,-6.37,0.03,-1.38,Equity : ETFs
Motilal Oswal Nifty 500 Index Fund Reg(G),Swapnil P Mayekar,EQ-INDX,0.74,3.45,0.65,6.87,4.27,0.97,2.08,-6.42,-0.02,-1.44,Equity : Index Funds
Motilal Oswal Nifty 500 Momentum 50 ETF,Swapnil P Mayekar,EQ-ETF,-,-,-,-,-,-,-,-7.41,0.09,-3.62,Equity : ETFs
Motilal Oswal Nifty 500 Momentum 50 Index Fund Reg(G),Swapnil P Mayekar,EQ-INDX,-,-,-,-,-,-,-,-7.46,0.01,-3.49,Equity : Index Funds
Motilal Oswal Nifty Bank Index Fund Reg(G),Swapnil P Mayekar,EQ-INDX,2.07,4.72,-0.39,6.82,-1.53,-0.24,3.08,-2.91,1.06,-2.36,Equity : Index Funds
Motilal Oswal Nifty India Defence ETF,Swapnil P Mayekar,EQ-ETF,-,-,-,-,-,-,-3.9,-4.67,5.64,-3.2,Equity : ETFs
Motilal Oswal Nifty India Defence Index Fund Reg(G),Swapnil P Mayekar,EQ-INDX,-,-,-,-,-,-9.18,-3.97,-4.86,5.58,-3.29,Equity : Index Funds
Motilal Oswal Nifty Microcap 250 Index Fund Reg(G),Swapnil P Mayekar,EQ-INDX,-6.45,10.47,-1.58,11.5,7.7,1.15,2.23,-3.43,0.98,-0.47,Equity : Index Funds
Motilal Oswal Nifty Midcap 100 ETF,Swapnil P Mayekar,EQ-ETF,-0.55,5.82,1.66,7.91,5.95,0.58,1.49,-6.72,0.56,1.43,Equity : ETFs
Motilal Oswal Nifty Midcap 150 Index Fund Reg(G),Swapnil P Mayekar,EQ-INDX,-0.46,6.27,2.17,7.9,4.97,0.31,1.7,-6.5,0.14,1.03,Equity : Index Funds
Motilal Oswal Nifty MidSmall Financial Services Index Fund Reg(G),Swapnil P Mayekar,EQ-INDX,-,-,-,-,-,-,-,-,-,1.06,Equity : Index Funds
Motilal Oswal Nifty MidSmall Healthcare Index Fund Reg(G),Swapnil P Mayekar,EQ-INDX,-,-,-,-,-,-,-,-,-,4.86,Equity : Index Funds
Motilal Oswal Nifty MidSmall India Consumption Index Fund Reg(G),Swapnil P Mayekar,EQ-INDX,-,-,-,-,-,-,-,-,-,4.73,Equity : Index Funds
Motilal Oswal Nifty MidSmall IT and Telecom Index Fund Reg(G),Swapnil P Mayekar,EQ-INDX,-,-,-,-,-,-,-,-,-,2.17,Equity : Index Funds
Motilal Oswal Nifty Next 50 Index Fund Reg(G),Swapnil P Mayekar,EQ-INDX,2.74,6.93,4.01,5.87,4.53,0.72,2.27,-9.38,1.16,-3.75,Equity : Index Funds
Motilal Oswal Nifty Realty ETF,Swapnil P Mayekar,EQ-ETF,-,8.01,4.72,8.31,-0.88,-3.66,4.28,-9.09,2.05,3.15,Equity : ETFs
Motilal Oswal Nifty Smallcap 250 ETF,Swapnil P Mayekar,EQ-ETF,-,10.43,-1.29,9.52,4.98,1.33,1.04,-3.6,-0.14,0.17,Equity : ETFs
Motilal Oswal Nifty Smallcap 250 Index Fund Reg(G),Swapnil P Mayekar,EQ-INDX,-4.32,10.39,-1.35,9.45,4.9,1.26,1.15,-3.67,-0.2,0.1,Equity : Index Funds
Motilal Oswal Quant Fund Reg(G),Ajay Khandelwal,EQ-THEM,-,-,-,-,7.23,0.93,-0.35,-2.73,-1.31,-1.38,Equity : Thematic
Motilal Oswal S&P 500 Index Fund Reg(G),Sunil Sawant,EQ-INTL,3.63,-4.13,4.84,3.39,1.46,2.37,1.94,-0.68,6.26,-1.28,Equity : International
Motilal Oswal Small Cap Fund Reg(G),Ajay Khandelwal,EQ-SML,-0.45,7.74,-0.56,9.02,5.57,4.81,3.04,-0.91,3.99,2.94,Equity : Small Cap
Motilal Oswal Ultra Short Term Fund Reg(G),Rakesh Shetty,DT-USD,0.52,0.49,0.49,0.46,0.56,0.47,0.51,0.45,0.44,0.46,Debt : Ultra Short Duration
Navi Aggressive Hybrid Fund Reg(G),Aditya Mulki,HY-EQ,-0.7,2.26,0.82,5.93,3.64,2.03,1.23,-2.94,-0.91,-0.81,Hybrid : Equity Oriented
Navi BSE Sensex Index Fund Reg(G),Aditya Mulki,EQ-INDX,1.47,1.05,-0.45,7.01,3.41,0.87,2.27,-5.75,0.49,-2.1,Equity : Index Funds
Navi Conservative Hybrid Fund Reg(G),Aditya Mulki,HY-DT(CO),0.25,0.47,0.22,1.41,1.32,0.77,0.78,-0.75,-0.18,0.0,Hybrid : Debt Oriented (Conservative)
Navi ELSS Tax Saver Fund Reg(G),Aditya Mulki,EQ-ELSS,-1.8,3.28,0.84,9.19,3.96,0.69,1.15,-6.09,0.56,-2.28,Equity : Tax Saving (ELSS)
Navi ELSS Tax Saver Nifty 50 Index Fund Reg(G),Aditya Mulki,EQ-ELSS,1.46,1.15,-0.07,6.63,3.89,1.26,2.18,-6.2,-0.34,-2.11,Equity : Tax Saving (ELSS)
Navi Flexi Cap Fund Reg(G),Aditya Mulki,EQ-FLEX,-2.47,3.23,0.27,8.18,4.46,1.63,1.23,-5.04,-0.6,-1.82,Equity : Flexi Cap
Navi Large & Midcap Fund Reg(G),Aditya Mulki,EQ-L&M,-2.11,5.51,0.67,10.54,3.91,1.7,1.69,-5.62,0.57,-0.28,Equity : Large & Mid Cap
Navi Liquid Fund Reg(G),Tanmay Sethi,DT-LIQ,0.59,0.55,0.57,0.54,0.57,0.55,0.58,0.56,0.53,0.59,Debt : Liquid
Navi NASDAQ 100 FoF Reg(G),Aditya Mulki,FOF-OVR,1.82,-4.37,6.41,6.04,-1.33,1.35,2.43,-0.55,5.85,1.7,FoFs : Overseas
Navi Nifty 50 ETF,Aditya Mulki,EQ-ETF,1.53,1.23,0.02,6.67,3.91,1.32,2.28,-6.03,-0.26,0.0,Equity : ETFs
Navi Nifty 50 Index Fund Reg(G),Aditya Mulki,EQ-INDX,1.53,1.2,0,6.71,3.95,1.32,2.23,-6.15,-0.28,-2.04,Equity : Index Funds
Navi Nifty 500 Multicap 50:25:25 Index Fund Reg(G),Aditya Mulki,EQ-INDX,-,-,-,-,-,-,1.78,-5.89,-0.05,-0.88,Equity : Index Funds
Navi Nifty Bank Index Fund Reg(G),Aditya Mulki,EQ-INDX,2.08,4.76,-0.39,6.86,-1.56,-0.25,3.1,-2.92,1.06,-2.38,Equity : Index Funds
Navi Nifty India Manufacturing Index Fund Reg(G),Aditya Mulki,EQ-INDX,4.11,5.87,5.43,6.71,3.67,-0.01,2.76,-9.0,-0.9,-1.97,Equity : Index Funds
Navi Nifty Midcap 150 Index Fund Reg(G),Aditya Mulki,EQ-INDX,-0.47,6.19,2.12,7.85,4.92,0.28,1.73,-6.49,0.12,1.01,Equity : Index Funds
Navi Nifty Next 50 Index Fund Reg(G),Aditya Mulki,EQ-INDX,2.46,7,4.01,5.92,4.6,0.73,2.19,-9.35,1.18,-3.58,Equity : Index Funds
Navi Overnight Fund Reg(G),Tanmay Sethi,DT-ON,0.52,0.48,0.47,0.44,0.5,0.47,0.45,0.45,0.18,0.0,Debt : Overnight
Navi US Total Stock Market FoF Reg(G),Aditya Mulki,FOF-OVR,3.76,-4.31,4.79,2.87,2.29,2.3,1.85,-0.42,7.21,-1.93,FoFs : Overseas
Nippon India Arbitrage Fund(G),Vikash Agarwal,HY-ARB,0.6,0.69,0.56,0.61,0.58,0.54,0.49,0.61,0.51,0.6,Hybrid : Arbitrage
Nippon India Asset Allocator FoF Reg(G),Sushil Budhia,FOF-DOM,1.81,4.69,1.05,4.19,2.65,0.75,2.41,-1.63,-0.64,-0.2,FoFs : Domestic
Nippon India Balanced Advantage Fund(G),Amar Kalkundrikar,HY-DYN,1.31,2.28,0.81,3.33,3.28,1.22,1.04,-3.17,0.52,-0.7,Hybrid : Dynamic Asset Allocation
Nippon India Banking & Financial Services Fund(G),Vinay Sharma,EQ-FIN,1,4.04,-1.83,7.6,1.24,1.39,3.83,-3.67,-0.45,-2.1,Equity : Sectoral - Financial Services
Nippon India Banking & PSU Debt Fund(G),Pranay Sinha,DT-B&PSU,0.65,0.2,0.89,0.52,0.84,0.72,0.89,0.42,0.52,0.5,Debt : Banking & PSU
Nippon India Consumption Fund(G),Amar Kalkundrikar,EQ-CONS,2.13,4.08,2.06,6.22,6.68,2.41,4.11,-10.5,0.31,-2.02,Equity : Thematic - Consumption
Nippon India Corp Bond Fund(G),Vivek Sharma,DT-CORP,0.72,0.23,0.87,0.57,0.89,0.75,1.02,0.48,0.59,0.49,Debt : Corporate Bond
Nippon India Credit Risk Fund(G),Sushil Budhia,DT-CR,0.8,0.48,0.73,0.61,0.78,0.67,0.81,0.62,0.65,0.61,Debt : Credit Risk
Nippon India CRISIL IBX AAA Financial Services   Dec 2026 Index Fund Reg(G),Vivek Sharma,DT-SD,-,-,-,-,-,-,-,-,0.44,0.66,Debt : Short Duration
Nippon India CRISIL IBX AAA Financial Services   Jan 2028 Index Fund Reg(G),Vivek Sharma,DT-M&LD,-,-,-,-,-,-,-,-,0.54,0.61,Debt : Medium to Long Duration
Nippon India Dynamic Bond Fund(G),Pranay Sinha,DT-DYN,0.66,-0.1,1.15,0.66,1.1,0.94,0.95,0.4,0.33,0.66,Debt : Dynamic Bond
Nippon India ELSS Tax Saver Fund(G),Rupesh Patel,EQ-ELSS,1.41,4.97,1.4,6.79,4.89,0.19,2.14,-5.79,0.19,-2.61,Equity : Tax Saving (ELSS)
Nippon India Equity Hybrid Fund(G),Meenakshi Dawar,HY-EQ,1.13,2.49,0.52,5.25,2.85,1.99,2.02,-3.73,0.01,-0.56,Hybrid : Equity Oriented
Nippon India Equity Hybrid Fund Segregated Portfolio 1 (G),Meenakshi Dawar,HY-EQ,0,0,0,0,0,0,0.0,0.0,0.0,0.0,Hybrid : Equity Oriented
Nippon India Equity Savings Fund(G),Ashutosh Bhargava,HY-EQ,0.48,1.42,0.47,1.98,1.51,0.47,0.71,-0.98,0.16,-0.35,Hybrid : Equity Oriented
Nippon India Equity Savings Fund Segregated Portfolio 1 (G),Ashutosh Bhargava,HY-EQ,0,0,0,0,0,0,0.0,0.0,0.0,0.0,Hybrid : Equity Oriented
Nippon India ETF BSE Sensex,Himanshu Mange,EQ-ETF,1.59,1.13,-0.33,7.06,3.51,0.95,2.34,-5.7,0.56,-2.1,Equity : ETFs
Nippon India ETF BSE Sensex Next 50,Himanshu Mange,EQ-ETF,1.89,5.73,0.59,8.75,4.82,0.82,2.68,-8.33,1.44,-1.1,Equity : ETFs
Nippon India ETF Gold BeES,Vikram Dhawan,GOLD-ETF,8.05,6.43,0.76,-0.83,-3.54,3.69,4.57,5.35,-3.53,-0.7,Gold : ETFs
Nippon India ETF Hang Seng BeES,Kinjal Desai,EQ-ETF,1.11,7.47,2.51,-1.15,-0.84,4.15,18.42,-3.69,-3.85,4.69,Equity : ETFs
Nippon India ETF Nifty 100,Himanshu Mange,EQ-ETF,1.71,2.21,0.6,6.44,4.09,1.11,2.29,-6.75,-0.01,-2.26,Equity : ETFs
Nippon India ETF Nifty 1D Rate Liquid BeES,Siddharth Deb,DT-ETF,0.39,0.37,0.35,0.35,0.35,0.33,0.35,0.39,0.36,0.52,Debt : ETFs
Nippon India ETF Nifty 5 yr Benchmark G Sec,Pranay Sinha,DT-ETF,0.61,0.04,1.13,0.6,1.35,0.88,0.98,0.04,0.77,0.5,Debt : ETFs
Nippon India ETF Nifty 50 BeES,Himanshu Mange,EQ-ETF,1.56,1.24,0.02,6.74,3.98,1.36,2.27,-6.12,-0.26,-2.02,Equity : ETFs
Nippon India ETF Nifty 50 Shariah BeES,Himanshu Mange,EQ-ETF,-3.92,-1.67,-0.3,7.89,11.22,3.03,0.28,-8.17,-0.96,-1.28,Equity : ETFs
Nippon India ETF Nifty 50 Value 20,Himanshu Mange,EQ-ETF,-0.63,1.63,-0.51,6.36,8.48,1.66,0.56,-5.33,0.53,-1.93,Equity : ETFs
Nippon India ETF Nifty 8 13 yr G Sec Long Term Gilt,Pranay Sinha,DT-ETF,0.74,-0.33,1.58,0.48,1.16,1.02,1.41,-0.08,0.89,0.51,Debt : ETFs
Nippon India ETF Nifty Bank BeES,Himanshu Mange,EQ-ETF,2.15,4.8,-0.32,6.91,-1.49,-0.17,3.14,-2.85,1.11,-2.32,Equity : ETFs
Nippon India ETF Nifty CPSE Bond Plus SDL Sep 2024 50:50,Vivek Sharma,DT-ETF,0.65,0.61,0.6,0.54,0.63,0.55,0.55,0.0,0.0,0.0,Debt : ETFs
Nippon India ETF Nifty Dividend Opportunities 50,Himanshu Mange,EQ-ETF,-0.86,3.28,1.01,5.3,9.3,1.22,0.45,-7.01,0.64,-2.85,Equity : ETFs
Nippon India ETF Nifty India Consumption,Himanshu Mange,EQ-ETF,3.25,2.71,0.66,6.61,6.12,2.46,6.15,-10.51,-0.21,-0.77,Equity : ETFs
Nippon India ETF Nifty Infrastructure BeES,Himanshu Mange,EQ-ETF,2.98,2.77,0.99,5.41,3.97,-0.58,1.48,-7.89,-1.01,-3.18,Equity : ETFs
Nippon India ETF Nifty IT,Himanshu Mange,EQ-ETF,-7.5,-4.87,-1.62,11.63,13.09,4.76,-1.99,-3.13,6.74,0.42,Equity : ETFs
Nippon India ETF Nifty Midcap 150,Himanshu Mange,EQ-ETF,-0.38,6.33,2.21,7.96,5.03,0.37,1.75,-6.48,0.21,1.08,Equity : ETFs
Nippon India ETF Nifty Next 50 Junior BeES,Himanshu Mange,EQ-ETF,2.79,7.03,4.1,5.97,4.65,0.78,2.33,-9.3,1.24,-3.78,Equity : ETFs
Nippon India ETF Nifty PSU Bank BeES,Himanshu Mange,EQ-ETF,1.07,8.49,-2.38,-0.15,0.39,-5.58,-3.33,-0.49,1.28,-4.05,Equity : ETFs
Nippon India ETF Nifty SDL Apr 2026 Top 20 Equal Weight,Vivek Sharma,DT-ETF,0.57,0.49,0.71,0.66,0.82,0.65,0.69,0.6,0.48,0.5,Debt : ETFs
Nippon India Flexi Cap Fund Reg(G),Meenakshi Dawar,EQ-FLEX,-0.28,4.93,1.79,7.61,3.82,1.08,1.63,-5.73,-0.43,-0.66,Equity : Flexi Cap
Nippon India Floating Rate Fund(G),Vikash Agarwal,DT-FL,0.76,0.48,0.7,0.57,0.88,0.7,0.82,0.66,0.51,0.53,Debt : Floater
Nippon India Focused Equity Fund(G),Vinay Sharma,EQ-FLEX,-0.01,4.37,1.47,8.83,3.54,0.73,1.49,-5.53,-0.7,-2.43,Equity : Flexi Cap
Nippon India Gilt Securities Fund(G),Pranay Sinha,DT-GILT,0.71,-0.59,1.75,0.65,0.86,1.03,1.52,-0.29,0.35,0.45,Debt : Gilt
Nippon India Gold Savings Fund(G),Himanshu Mange,GOLD-MF,7.23,7.51,0.64,-1.1,-3.25,3.34,4.73,5.27,-3.95,-0.34,Gold : MFs
Nippon India Growth Fund(G),Rupesh Patel,EQ-MID,0.7,6.84,2.33,8.6,5.47,0.67,3.29,-5.14,0.54,0.64,Equity : Mid Cap
Nippon India Hybrid Bond Fund(G),Sushil Budhia,HY-DT(CO),0.9,0.57,0.56,1.26,1.1,0.67,0.96,-0.3,0.38,0.17,Hybrid : Debt Oriented (Conservative)
Nippon India Income Fund(G),Vivek Sharma,DT-M&LD,0.67,-0.47,1.49,0.56,0.98,0.88,1.24,-0.14,0.44,0.4,Debt : Medium to Long Duration
Nippon India Index Fund BSE Sensex Plan(G),Himanshu Mange,EQ-INDX,1.56,1.09,-0.37,7,3.47,0.91,2.3,-5.73,0.52,-2.13,Equity : Index Funds
Nippon India Index Fund Nifty 50 Plan(G),Himanshu Mange,EQ-INDX,1.52,1.19,-0.03,6.67,3.92,1.31,2.23,-6.15,-0.3,-2.05,Equity : Index Funds
Nippon India Innovation Fund Reg(G),Vinay Sharma,EQ-THEM,1.93,4.58,2.61,9.37,2.65,2.07,2.0,-7.65,-0.12,-1.53,Equity : Thematic
Nippon India Japan Equity Fund(G),Kinjal Desai,EQ-INTL,3.85,-3.49,-0.67,-0.66,6.89,2.63,0.96,-5.69,2.42,-0.57,Equity : International
Nippon India Large Cap Fund(G),Sailesh Raj Bhan,EQ-LC,2.51,3.24,0.33,6.07,4.23,0.29,1.98,-5.07,0.28,-1.14,Equity : Large Cap
Nippon India Liquid Fund(G),Vikash Agarwal,DT-LIQ,0.65,0.61,0.59,0.57,0.6,0.57,0.58,0.58,0.56,0.58,Debt : Liquid
Nippon India Low Duration Fund(G),Vivek Sharma,DT-LOWD,0.67,0.56,0.57,0.53,0.68,0.55,0.66,0.67,0.5,0.6,Debt : Low Duration
Nippon India Money Market Fund(G),Vikash Agarwal,DT-MM,0.77,0.61,0.61,0.56,0.69,0.55,0.66,0.62,0.55,0.61,Debt : Money Market
Nippon India Multi Asset Allocation Fund Reg(G),Ashutosh Bhargava,HY-MULTI,2.54,2.6,1.44,3.82,2.76,1.7,1.93,-2.58,0.03,-0.82,Hybrid : Multi Asset Allocation
Nippon India Multi Cap Fund(G),Sailesh Raj Bhan,EQ-MLC,1.85,7.69,2.19,6.18,3.88,0.73,2.4,-4.63,-0.17,-0.9,Equity : Multi Cap
Nippon India Nifty 50 Value 20 Index Fund Reg(G),Himanshu Mange,EQ-INDX,-0.67,1.58,-0.56,6.33,8.43,1.6,0.51,-5.38,0.49,-1.99,Equity : Index Funds
Nippon India Nifty 500 Equal Weight Index Fund Reg(G),Himanshu Mange,EQ-INDX,-,-,-,-,-,-,-,-5.98,-0.45,-0.67,Equity : Index Funds
Nippon India Nifty 500 Momentum 50 Index Fund Reg(G),Himanshu Mange,EQ-INDX,-,-,-,-,-,-,-,-7.42,0.04,-3.64,Equity : Index Funds
Nippon India Nifty AAA CPSE Bond Plus SDL   Apr 2027 Maturity 60:40 Index Fund(G),Vivek Sharma,DT-M&LD,0.66,0.41,0.74,0.6,0.85,0.63,0.72,0.63,0.48,0.52,Debt : Medium to Long Duration
Nippon India Nifty AAA PSU Bond Plus SDL   Sep 2026 Maturity 50:50 Index Fund Reg(G),Vivek Sharma,DT-B&PSU,0.64,0.4,0.73,0.6,0.78,0.64,0.68,0.62,0.46,0.54,Debt : Banking & PSU
Nippon India Nifty Alpha Low Volatility 30 Index Fund(G),Himanshu Mange,EQ-INDX,2.8,0.89,-0.03,5.72,6.46,1.7,2.55,-8.52,-2.46,-2.1,Equity : Index Funds
Nippon India Nifty Auto ETF,Himanshu Mange,EQ-ETF,4.92,4.93,4.16,7.79,6.09,-1.69,3.24,-13.0,-0.61,-2.31,Equity : ETFs
Nippon India Nifty Bank Index Fund Reg(G),Himanshu Mange,EQ-INDX,2.07,4.71,-0.37,6.85,-1.55,-0.22,3.07,-2.91,1.05,-2.36,Equity : Index Funds
Nippon India Nifty G Sec Jun 2036 Maturity Index Fund Reg(G),Vivek Sharma,DT-GILT,0.85,-0.47,1.78,0.68,1.04,1.11,1.35,-0.1,0.66,0.59,Debt : Gilt
Nippon India Nifty G Sec Oct 2028 Maturity Index Fund Reg(G),Vivek Sharma,DT-M&LD,0.62,0.11,1.03,0.67,1.05,0.71,0.88,0.22,0.64,0.52,Debt : Medium to Long Duration
Nippon India Nifty G Sec Sep 2027 Maturity Index Fund Reg(G),Vivek Sharma,DT-GILT,0.57,0.18,0.92,0.7,0.95,0.7,0.75,0.34,0.62,0.45,Debt : Gilt
Nippon India Nifty IT Index Fund Reg(G),Himanshu Mange,EQ-INDX,-7.51,-4.92,-1.67,11.52,12.97,4.67,-2.03,-3.18,6.67,0.31,Equity : Index Funds
Nippon India Nifty Midcap 150 Index Fund Reg(G),Himanshu Mange,EQ-INDX,-0.48,6.25,2.15,7.9,4.96,0.32,1.66,-6.53,0.16,1.02,Equity : Index Funds
Nippon India Nifty Next 50 Junior BeES FoF Reg(G),Himanshu Mange,FOF-DOM,2.55,7.18,4.26,5.7,4.36,0.9,2.44,-9.13,1.07,-3.73,FoFs : Domestic
Nippon India Nifty Pharma ETF,Himanshu Mange,EQ-ETF,-0.08,-0.15,-0.92,4.96,10.57,6.77,0.23,-2.36,-2.17,5.25,Equity : ETFs
Nippon India Nifty SDL Plus G Sec   Jun 2029 Maturity 70:30 Index Fund Reg(G),Vivek Sharma,DT-M&LD,0.63,0.05,1.13,0.64,1.19,0.91,0.84,0.35,0.66,0.44,Debt : Medium to Long Duration
Nippon India Nifty SDL Plus G Sec Jun 2028 Maturity 70:30 Index Fund Reg(G),Vivek Sharma,DT-M&LD,0.59,0.26,0.93,0.72,1.04,0.75,0.86,0.45,0.48,0.47,Debt : Medium to Long Duration
Nippon India Nifty Smallcap 250 Index Fund Reg(G),Himanshu Mange,EQ-INDX,-4.36,10.29,-1.36,9.47,4.94,1.27,1.15,-3.66,-0.21,0.11,Equity : Index Funds
Nippon India Nivesh Lakshya Fund(G),Pranay Sinha,DT-LD,0.89,-1.09,2.23,1.03,0.83,1.22,1.61,-0.19,0.06,0.63,Debt : Long Duration
Nippon India Overnight Fund Reg(G),Siddharth Deb,DT-ON,0.56,0.53,0.55,0.53,0.54,0.54,0.53,0.53,0.52,0.55,Debt : Overnight
Nippon India Passive Flexicap FoF Reg(G),Ashutosh Bhargava,FOF-DOM,-0.28,4.21,0.64,6.78,4.25,0.38,2.68,-6.19,-0.35,-1.09,FoFs : Domestic
Nippon India Pharma Fund(G),Sailesh Raj Bhan,EQ-PHRM,-0.21,-0.08,0.83,3.24,9.7,6.01,0.8,-1.56,-0.76,3.19,Equity : Sectoral - Pharma
Nippon India Power & Infra Fund(G),Rahul Modi,EQ-POWER,1.94,5.6,5.2,7.78,2.53,-2.28,2.52,-7.31,0.88,-2.38,Equity : Sectoral - Energy / Power
Nippon India Quant Fund(G),Ashutosh Bhargava,EQ-THEM,2.39,3.56,-0.05,5.32,6.15,1.58,1.0,-6.04,1.36,-1.21,Equity : Thematic
Nippon India Retirement Fund Income Generation(G),Pranay Sinha,HY-SOL,0.75,-0.41,1.63,2.4,1.4,1.06,1.43,-1.17,0.18,0.1,Hybrid : Solution Oriented
Nippon India Retirement Fund Wealth Creation(G),Pranay Sinha,HY-SOL,0.78,3.35,1.05,7.85,4.77,0.95,1.6,-5.77,1.53,-1.23,Hybrid : Solution Oriented
Nippon India Short Term Fund(G),Sushil Budhia,DT-SD,0.7,0.27,0.78,0.55,0.91,0.67,0.86,0.5,0.54,0.6,Debt : Short Duration
Nippon India Silver ETF,Vikram Dhawan,GOLD-ETF,6.47,8.02,15.04,-4.8,-5.63,2.41,5.24,7.58,-7.34,-3.87,Gold : ETFs
Nippon India Silver ETF FOF Reg(G),Himanshu Mange,FOF-DOM,6,8.41,15.24,-5.22,-4.76,1.44,5.92,7.01,-7.82,-3.74,FoFs : Domestic
Nippon India Small Cap Fund(G),Samir Rachh,EQ-SML,-0.92,9.26,1.27,8.61,6.08,0.02,1.15,-2.99,-0.36,-0.82,Equity : Small Cap
Nippon India Strategic Debt Fund(G),Sushil Budhia,DT-MD,0.74,0.25,0.89,0.65,0.88,0.7,0.93,0.47,0.6,0.6,Debt : Medium Duration
Nippon India Taiwan Equity Fund Reg(G),Kinjal Desai,EQ-INTL,-1.02,-2.82,0.29,8.01,-8.55,8.53,-1.24,3.41,-0.45,4.53,Equity : International
Nippon India Ultra Short Duration Fund(G),Vivek Sharma,DT-USD,0.69,0.59,0.58,0.53,0.65,0.52,0.6,0.6,0.52,0.59,Debt : Ultra Short Duration
Nippon India US Equity Opp Fund(G),Kinjal Desai,EQ-INTL,3.47,-4.74,1.77,4.14,-0.98,2.15,0.95,0.02,6.19,-0.72,Equity : International
Nippon India Value Fund(G),Dhrumil Shah,EQ-VAL,0.58,5.69,1.24,6.54,4.24,2.06,2.23,-5.18,-0.6,-0.08,Equity : Value / Contra
Nippon India Vision Fund(G),Amar Kalkundrikar,EQ-L&M,2.07,4.57,2.44,6.58,4.32,1.36,2.44,-6.05,1.63,-0.13,Equity : Large & Mid Cap
NJ Balanced Advantage Fund Reg(G),Viral Shah,HY-EQ,0.16,0.86,0.46,4.16,5.4,2.32,-0.96,-5.54,-0.59,-0.66,Hybrid : Equity Oriented
NJ ELSS Tax Saver Scheme Reg(G),Viral Shah,EQ-ELSS,-2.86,1.06,1.04,7.9,6.98,2.05,1.07,-7.87,-2.09,1.1,Equity : Tax Saving (ELSS)
NJ Flexi Cap Fund Reg(G),Dhaval Patel,EQ-FLEX,-0.08,1.15,0.38,7.42,9.16,3.49,-1.93,-9.86,-1.34,-1.65,Equity : Flexi Cap
Old Bridge Focused Equity Fund Reg(G),Tarang Agrawal,EQ-FLEX,-0.2,5.35,-1.25,8.63,8.21,3.38,0.72,-5.07,-0.67,-1.68,Equity : Flexi Cap
Parag Parikh Arbitrage Fund Reg(G),Rajeev Thakkar,HY-ARB,0.61,0.67,0.56,0.64,0.56,0.55,0.51,0.62,0.53,0.59,Hybrid : Arbitrage
Parag Parikh Conservative Hybrid Fund Reg(G),Rajeev Thakkar,HY-DT(CO),0.67,1.21,0.95,1.32,2.1,1.09,0.92,-0.21,0.17,0.0,Hybrid : Debt Oriented (Conservative)
Parag Parikh Dynamic Asset Allocation Fund Reg(G),Rajeev Thakkar,HY-DYN,0.42,1.73,0.87,1.7,2.45,0.93,0.37,-0.48,0.41,0.17,Hybrid : Dynamic Asset Allocation
Parag Parikh ELSS Tax Saver Fund Reg(G),Rajeev Thakkar,EQ-ELSS,-1.12,2.66,0.24,5.71,5.48,1.24,3.17,-4.33,0.4,0.4,Equity : Tax Saving (ELSS)
Parag Parikh Flexi Cap Fund Reg(G),Rajeev Thakkar,EQ-FLEX,0.04,2.74,0.98,5.3,3.55,1.1,3.12,-3.03,0.85,0.99,Equity : Flexi Cap
Parag Parikh Liquid Fund Reg(G),Raj Mehta,DT-LIQ,0.6,0.55,0.58,0.55,0.57,0.55,0.55,0.55,0.54,0.56,Debt : Liquid
PGIM India Arbitrage Fund Reg(G),Chetan Chavan,HY-ARB,0.55,0.58,0.59,0.58,0.64,0.49,0.53,0.56,0.52,0.55,Hybrid : Arbitrage
PGIM India Balanced Advantage Fund Reg(G),Utsav Mehta,HY-DYN,1.5,2.14,-0.65,5.83,2.48,1.28,1.79,-3.78,0.27,-1.15,Hybrid : Dynamic Asset Allocation
PGIM India Corp Bond Fund(G),Puneet Pal,DT-CORP,0.73,0.25,0.76,0.47,0.83,0.71,0.94,0.43,0.52,0.46,Debt : Corporate Bond
PGIM India CRISIL IBX Gilt Index   Apr 2028 Fund Reg(G),Puneet Pal,DT-M&LD,0.58,0.13,0.94,0.71,0.96,0.7,0.84,0.36,0.47,0.55,Debt : Medium to Long Duration
PGIM India Dynamic Bond Fund(G),Puneet Pal,DT-DYN,0.65,-0.45,1.67,0.77,0.73,0.94,1.46,-0.08,0.46,0.35,Debt : Dynamic Bond
PGIM India ELSS Tax Saver Fund Reg(G),Sharma Vivek,EQ-ELSS,1.39,3.18,-0.71,8.56,2.26,1.94,2.68,-5.59,1.34,0.85,Equity : Tax Saving (ELSS)
PGIM India Emerging Markets Equity Fund(G),Chetan Gindodia,FOF-OVR,1.89,-0.45,3.28,4.91,-2.89,2.98,4.13,2.71,-2.51,2.24,FoFs : Overseas
PGIM India Equity Savings Fund(G),Anandha Padmanabhan Anjeneyan,HY-EQ,0.82,0.76,0.12,1.83,0.86,0.68,0.99,-0.83,0.58,0.25,Hybrid : Equity Oriented
PGIM India Flexi Cap Fund Reg(G),Anandha Padmanabhan Anjeneyan,EQ-FLEX,1.04,2.88,-1.84,8.56,3.13,2.49,2.65,-6.06,0.63,0.09,Equity : Flexi Cap
PGIM India Gilt Fund(G),Puneet Pal,DT-GILT,0.69,-0.84,1.83,0.83,0.77,1.01,1.55,-0.29,0.39,0.34,Debt : Gilt
PGIM India Global Equity Opp Fund(G),Chetan Gindodia,FOF-OVR,1.39,-5.17,5.08,5.04,-3.96,5.74,0.26,-1.1,3.03,-0.74,FoFs : Overseas
PGIM India Global Select Real Estate Securities FoF Reg(G),Chetan Gindodia,FOF-OVR,4.26,-5.72,3.36,0.42,6.05,5.81,3.26,-3.6,2.9,-5.99,FoFs : Overseas
PGIM India Hybrid Equity Fund(G),Sharma Vivek,HY-EQ,1.32,1.89,-0.48,6.72,1.27,2.11,1.19,-4.18,2.2,0.26,Hybrid : Equity Oriented
PGIM India Large and Mid Cap Fund(G),Vinay Paharia,EQ-L&M,2.16,3.17,-0.19,8.12,2.85,2.35,2.21,-5.69,1.28,0.67,Equity : Large & Mid Cap
PGIM India Large Cap Fund(G),Anandha Padmanabhan Anjeneyan,EQ-LC,2.45,1.42,-1.06,6.6,3.22,2.04,2.21,-7.62,0.67,-0.81,Equity : Large Cap
PGIM India Liquid Fund(G),Bhupesh Kalyani,DT-LIQ,0.63,0.63,0.59,0.56,0.6,0.57,0.58,0.59,0.56,0.59,Debt : Liquid
PGIM India Midcap Opp Fund Reg(G),Sharma Vivek,EQ-MID,0.26,3.81,0.81,10.14,2.69,1.62,2.81,-6.52,0.95,1.74,Equity : Mid Cap
PGIM India Money Market Fund Reg(G),Puneet Pal,DT-MM,0.66,0.57,0.58,0.52,0.66,0.53,0.64,0.58,0.54,0.58,Debt : Money Market
PGIM India Multi Cap Fund Reg(G),Sharma Vivek,EQ-MLC,-,-,-,-,-,-,-,-5.25,-0.31,0.1,Equity : Multi Cap
PGIM India Overnight Fund Reg(G),Bhupesh Kalyani,DT-ON,0.55,0.53,0.56,0.55,0.53,0.54,0.53,0.53,0.52,0.55,Debt : Overnight
PGIM India Retirement Fund Reg(G),Vinay Paharia,HY-SOL,-,-,-0.99,8.91,3.06,2.27,3.16,-4.38,0.87,0.26,Hybrid : Solution Oriented
PGIM India Small Cap Fund Reg(G),Utsav Mehta,EQ-SML,-2.66,7.88,-2.25,9.63,3.21,3.43,2.21,-2.28,-0.18,-1.05,Equity : Small Cap
PGIM India Ultra Short Duration Fund(G),Puneet Pal,DT-USD,0.62,0.59,0.51,0.52,0.59,0.51,0.6,0.56,0.5,0.56,Debt : Ultra Short Duration
Quant Absolute Fund(G),Sanjeev Sharma,HY-EQ,0.17,4.17,0.94,3.77,3.09,-1.27,1.59,-5.56,-2.42,-3.31,Hybrid : Equity Oriented
Quant Active Fund(G),Ankit Pande,EQ-MLC,0.1,8.29,0.22,5.29,3.56,-1.63,-0.58,-7.14,-0.41,-3.16,Equity : Multi Cap
Quant BFSI Fund Reg(G),Sandeep Tandon,EQ-FIN,-3.92,6.28,0.73,3.9,4.06,-2.48,2.15,-10.43,-1.36,0.03,Equity : Sectoral - Financial Services
Quant Business Cycle Fund Reg(G),Sandeep Tandon,EQ-THEM,-1.35,8.02,0.29,5.79,8.05,1.89,1.25,-7.81,-1.39,-4.04,Equity : Thematic
Quant Commodities Fund Reg(G),Ankit Pande,EQ-THEM,0.5,10.93,-1.24,5.43,9.98,0.38,4.08,-4.64,-3.04,-1.29,Equity : Thematic
Quant Consumption Fund Reg(G),Sandeep Tandon,EQ-CONS,-1.92,-0.04,-0.47,5.71,9.02,-1.94,1.68,-6.72,-1.53,-4.33,Equity : Thematic - Consumption
Quant Dynamic Asset Allocation Fund Reg(G),Sandeep Tandon,HY-DYN,-0.29,5.34,-0.11,3.64,5.81,-0.73,-0.22,-5.96,-0.78,-1.35,Hybrid : Dynamic Asset Allocation
Quant ELSS Tax Saver Fund(G),Ankit Pande,EQ-ELSS,0.09,6.87,2.17,4.04,2.87,-1.51,2.09,-7.13,-3.57,-4.4,Equity : Tax Saving (ELSS)
Quant ESG Equity Fund Reg(G),Ankit Pande,EQ-THEM,-2.39,3.88,2.86,4.41,9.93,0.69,-1.11,-7.04,-0.82,-4.73,Equity : Thematic
Quant Flexi Cap Fund(G),Ankit Pande,EQ-FLEX,-0.69,6.03,1.78,5.14,4.46,-1.32,1.77,-8.2,-3.33,-2.57,Equity : Flexi Cap
Quant Focused Fund(G),Ankit Pande,EQ-LC,0.28,3.86,0.37,4.7,4.11,0.07,1.96,-7.33,-2.37,-3.2,Equity : Large Cap
Quant Gilt Fund Reg(G),Sanjeev Sharma,DT-GILT,0.61,0.18,0.84,0.55,0.81,0.7,1.01,0.23,0.39,0.55,Debt : Gilt
Quant Healthcare Fund Reg(G),Sandeep Tandon,EQ-PHRM,-2.58,5.46,0.86,5.13,11.13,5.12,0.0,-4.36,-0.67,-3.04,Equity : Sectoral - Pharma
Quant Infrastructure Fund(G),Ankit Pande,EQ-INFRA,-0.44,7.49,1.76,3.95,3.35,-3.87,0.94,-6.91,-1.16,-0.91,Equity : Sectoral - Infrastructure
Quant Large & Mid Cap Fund(G),Ankit Pande,EQ-L&M,2.04,6.43,2.6,4.29,3.61,-1.36,0.93,-6.9,-2.67,-1.38,Equity : Large & Mid Cap
Quant Large Cap Fund Reg(G),Sandeep Tandon,EQ-LC,0.31,4.09,0.24,3.82,4.55,-0.69,2.11,-5.46,-2.19,-2.46,Equity : Large Cap
Quant Liquid Plan(G),Sanjeev Sharma,DT-LIQ,0.61,0.57,0.56,0.54,0.57,0.54,0.59,0.58,0.53,0.61,Debt : Liquid
Quant Manufacturing Fund Reg(G),Sandeep Tandon,EQ-THEM,-0.47,6.87,3.64,5.02,5.9,1.28,1.02,-6.18,-3.99,-3.14,Equity : Thematic
Quant Mid Cap Fund(G),Ankit Pande,EQ-MID,2.06,8.35,2.75,4.04,2.56,-2.32,0.9,-7.76,-1.82,-1.17,Equity : Mid Cap
Quant Momentum Fund Reg(G),Sandeep Tandon,EQ-THEM,1.41,7.77,1.23,5.37,5.31,-0.89,0.25,-7.36,-2.28,-3.37,Equity : Thematic
Quant Multi Asset Fund(G),Sanjeev Sharma,HY-MULTI,1.13,6.45,1.35,1.42,0.76,-0.66,5.6,-2.97,0.81,-1.36,Hybrid : Multi Asset Allocation
Quant Overnight Fund Reg(G),Sanjeev Sharma,DT-ON,0.57,0.55,0.57,0.55,0.54,0.52,0.56,0.56,0.52,0.59,Debt : Overnight
Quant PSU Fund Reg(G),Sandeep Tandon,EQ-THEM,-0.87,9.3,5.71,0.46,11.88,-2.65,-0.86,-11.74,-1.24,-5.52,Equity : Thematic
Quant Quantamental Fund Reg(G),Sandeep Tandon,EQ-THEM,1.78,6.89,0.99,3.74,3.7,-1.8,1.42,-7.98,-2.25,-3.61,Equity : Thematic
Quant Small Cap Fund(G),Ankit Pande,EQ-SML,-2.99,9.85,-0.48,6.07,3.98,0.54,1.36,-4.3,0.05,-3.98,Equity : Small Cap
Quant Teck Fund Reg(G),Sandeep Tandon,EQ-TECH,-3.8,2.08,-2.77,11.73,7.91,-0.1,-1.99,-5.51,3.33,-0.3,Equity : Sectoral - Technology
Quant Value Fund Reg(G),Sandeep Tandon,EQ-VAL,-0.51,9.64,0.12,3.53,6.45,-1.35,0.0,-6.8,0.18,-3.18,Equity : Value / Contra
Quantum Dynamic Bond Fund Reg(G),Pankaj Pathak,DT-DYN,0.76,-0.72,1.99,0.55,1.02,0.82,1.45,-0.21,0.34,0.57,Debt : Dynamic Bond
Quantum ELSS Tax Saver Fund Reg(G),George Thomas,EQ-ELSS,0.15,3.93,0.75,7.79,3.77,2.15,1.12,-4.01,0.8,-1.63,Equity : Tax Saving (ELSS)
Quantum Equity FoF Reg(G),Chirag Mehta,FOF-DOM,1.61,3.78,1.52,7.1,4.43,1.2,2.23,-5.58,0.29,-0.94,FoFs : Domestic
Quantum ESG Best In Class Strategy Fund Reg(G),Chirag Mehta,EQ-THEM,0.33,0.23,0.19,7.39,6.66,2.08,2.6,-7.06,0.8,-1.12,Equity : Thematic
Quantum Gold Fund ETF,Chirag Mehta,GOLD-ETF,7.55,7.2,0.28,-0.85,-3.41,3.65,5.19,4.95,-3.67,-0.89,Gold : ETFs
Quantum Gold Saving Fund Reg(G),Chirag Mehta,GOLD-MF,7.12,7.84,0.54,-1.17,-3.17,3.37,4.83,5.26,-3.95,-0.42,Gold : MFs
Quantum Liquid Fund Reg(G),Pankaj Pathak,DT-LIQ,0.6,0.58,0.58,0.55,0.57,0.56,0.56,0.56,0.54,0.56,Debt : Liquid
Quantum Long Term Equity Value Fund Reg(G),George Thomas,EQ-VAL,0.21,4,0.77,7.88,3.84,2.14,1.16,-4.01,0.82,-1.68,Equity : Value / Contra
Quantum Multi Asset Allocation Fund Reg(G),Chirag Mehta,HY-MULTI,-,1.1,1.19,3.32,1.7,1.3,1.84,-1.98,-0.18,-0.74,Hybrid : Multi Asset Allocation
Quantum Multi Asset FOFs Reg(G),Chirag Mehta,FOF-DOM,1.77,1.85,0.7,2.67,1.61,1.39,1.85,-1.32,-0.32,-0.39,FoFs : Domestic
Quantum Nifty 50 ETF FoF Reg(G),Hitendra Parekh,FOF-DOM,1.15,1.63,-0.07,6.64,3.96,1.43,2.24,-6.13,-0.26,-2.08,FoFs : Domestic
Quantum Small Cap Fund Reg(G),Chirag Mehta,EQ-SML,-2.63,5.98,-1.27,7.74,4.28,3.69,-0.71,-2.95,1.48,-1.78,Equity : Small Cap
Samco Active Momentum Fund Reg(G),Paras Matalia,EQ-THEM,-4.67,2.13,1.47,6.25,9.39,0.72,-2.08,-3.46,2.27,3.77,Equity : Thematic
Samco Arbitrage Fund Reg(G),Umeshkumar Mehta,HY-ARB,-,-,-,-,-,-,-,-,-,0.5,Hybrid : Arbitrage
Samco Dynamic Asset Allocation Fund Reg(G),Umeshkumar Mehta,HY-DYN,-0.59,0.59,1.67,3.96,6.41,1.05,0.0,-7.43,0.19,1.58,Hybrid : Dynamic Asset Allocation
Samco ELSS Tax Saver Fund Reg(G),Nirali Bhansali,EQ-ELSS,-3.12,4.76,1.32,6,3.62,-0.66,-0.46,-3.2,0.14,0.07,Equity : Tax Saving (ELSS)
Samco Flexi Cap Fund Reg(G),Nirali Bhansali,EQ-FLEX,-3.61,2.27,-0.09,4.35,3.52,-0.39,-0.79,-4.96,0.93,1.67,Equity : Flexi Cap
Samco Multi Cap Fund Reg(G),Umeshkumar Mehta,EQ-MLC,-,-,-,-,-,-,-,-,-2.1,-1.12,Equity : Multi Cap
Samco Overnight Fund Reg(G),Dhawal Ghanshyam Dhanani,DT-ON,0.53,0.51,0.52,0.5,0.51,0.5,0.5,0.51,0.5,0.52,Debt : Overnight
Samco Special Opportunities Fund Reg(G),Paras Matalia,EQ-THEM,-,-,-,-,3.81,-4.71,1.68,-4.08,-3.24,-0.21,Equity : Thematic
SBI Arbitrage Opportunities Fund Reg(G),Neeraj Kumar,HY-ARB,0.63,0.68,0.58,0.63,0.58,0.6,0.44,0.64,0.51,0.61,Hybrid : Arbitrage
SBI Automotive Opportunities Fund Reg(G),Tanmaya Desai,EQ-AUTO,-,-,-,-,4.31,0.33,2.46,-12.22,-1.31,-2.75,Equity : Sectoral - Auto
SBI Balanced Advantage Fund Reg(G),Dinesh Balachandran,HY-DYN,1.2,2.06,0.63,2.8,2.41,0.6,1.01,-2.04,0.13,-0.42,Hybrid : Dynamic Asset Allocation
SBI Banking & Financial Services Fund Reg(G),Milind Agrawal,EQ-FIN,1.43,5.61,0.03,6.52,1.39,0.37,3.41,-1.51,1.0,-1.86,Equity : Sectoral - Financial Services
SBI Banking and PSU Fund Reg(G),Rajeev Radhakrishnan,DT-B&PSU,0.69,0.18,0.76,0.58,0.85,0.68,0.92,0.42,0.48,0.52,Debt : Banking & PSU
SBI BlueChip Fund Reg(G),Saurabh Pant,EQ-LC,3.21,1.41,1.52,6.51,4.04,0.69,3.18,-5.43,-0.29,-1.84,Equity : Large Cap
SBI BSE 100 ETF,Raviprakash Sharma,EQ-ETF,1.62,1.99,0.32,7.02,4.19,1.29,2.3,-6.56,0.16,-1.91,Equity : ETFs
SBI BSE Sensex ETF,Raviprakash Sharma,EQ-ETF,1.58,1.13,-0.33,7.06,3.51,0.95,2.35,-5.7,0.56,-2.1,Equity : ETFs
SBI BSE Sensex Index Fund Reg(G),Raviprakash Sharma,EQ-INDX,1.55,1.09,-0.37,7.02,3.47,0.91,2.3,-5.74,0.52,-2.14,Equity : Index Funds
SBI BSE Sensex Next 50 ETF,Raviprakash Sharma,EQ-ETF,1.9,5.75,0.59,8.78,4.84,0.82,2.7,-8.37,1.45,-1.1,Equity : ETFs
SBI Conservative Hybrid Fund Reg(G),Saurabh Pant,HY-DT(CO),0.44,1.37,1.32,2.36,1.78,0.67,1.07,-0.63,-0.08,-0.04,Hybrid : Debt Oriented (Conservative)
SBI Consumption Opp Fund Reg(G),Ashit Desai,EQ-CONS,0.65,5.88,-0.48,7.85,7.67,2.78,4.49,-7.71,0.25,-0.34,Equity : Thematic - Consumption
SBI Contra Fund Reg(G),Dinesh Balachandran,EQ-VAL,0.48,5.43,-0.15,6.89,4.84,0.82,1.22,-5.8,0.44,-1.48,Equity : Value / Contra
SBI Corp Bond Fund Reg(G),Rajeev Radhakrishnan,DT-CORP,0.74,0.23,0.87,0.54,0.84,0.7,0.92,0.46,0.59,0.5,Debt : Corporate Bond
SBI CPSE Bond Plus SDL Sep 2026 50:50 Index Fund Reg(G),Ranjana Gupta,DT-MD,0.61,0.43,0.72,0.64,0.76,0.67,0.66,0.64,0.47,0.5,Debt : Medium Duration
SBI Credit Risk Fund Reg(G),Lokesh Mallya,DT-CR,0.66,0.33,1.15,0.59,0.68,0.69,0.6,0.61,0.63,0.58,Debt : Credit Risk
SBI CRISIL IBX Gilt Index   Apr 2029 Fund Reg(G),Ranjana Gupta,DT-M&LD,0.67,-0.02,1.13,0.67,1.22,0.75,0.94,0.13,0.77,0.45,Debt : Medium to Long Duration
SBI CRISIL IBX Gilt Index   June 2036 Fund Reg(G),Ranjana Gupta,DT-LD,0.82,-0.47,1.75,0.76,1,1.11,1.32,-0.11,0.67,0.51,Debt : Long Duration
SBI CRISIL IBX SDL Index   Sep 2027 Fund Reg(G),Ranjana Gupta,DT-M&LD,0.48,0.53,0.79,0.83,0.89,0.76,0.76,0.53,0.42,0.45,Debt : Medium to Long Duration
SBI Dividend Yield Fund Reg(G),Rohit Shimpi,EQ-DIV,0.31,3.48,1.79,6.28,5.57,0.16,0.98,-6.18,0.82,-3.46,Equity : Thematic - Dividend Yield
SBI Dynamic Bond Fund Reg(G),Rajeev Radhakrishnan,DT-DYN,0.87,-0.68,1.66,0.73,0.82,0.98,1.49,-0.22,0.27,0.47,Debt : Dynamic Bond
SBI Energy Opportunities Fund Reg(G),Raj Gandhi,EQ-POWER,0.94,5.5,0.02,5.25,4.95,0.23,1.57,-9.1,-4.92,-0.55,Equity : Sectoral - Energy / Power
SBI Equity Hybrid Fund Reg(G),R. Srinivasan,HY-EQ,3,2.51,0.48,4.97,2.42,1.01,2.2,-4.47,1.0,-0.7,Hybrid : Equity Oriented
SBI Equity Minimum Variance Fund Reg(G),Raviprakash Sharma,EQ-THEM,-0.1,-0.72,-0.08,6.26,6.27,2.69,2.89,-8.89,-3.04,-1.17,Equity : Thematic
SBI Equity Savings Fund Reg(G),Neeraj Kumar,HY-EQ,-0.05,2.14,0.53,3.22,1.4,0.46,1.33,-0.34,0.49,0.13,Hybrid : Equity Oriented
SBI ESG Exclusionary Strategy Fund Reg(G),Rohit Shimpi,EQ-THEM,1.25,2.82,2.57,7.04,3.43,0.38,1.84,-5.63,1.17,-2.78,Equity : Thematic
SBI Flexicap Fund Reg(G),Dinesh Balachandran,EQ-FLEX,0.94,3.75,-0.25,6.71,3.97,0.78,2.29,-5.89,0.31,-0.56,Equity : Flexi Cap
SBI Floating Rate Debt Fund Reg(G),Ardhendu Bhattacharya,DT-FL,0.97,0.48,0.79,0.64,0.87,0.71,0.69,0.52,0.63,0.39,Debt : Floater
SBI Focused Equity Fund Reg(G),R. Srinivasan,EQ-MLC,5.19,4.09,1.32,5.09,2.92,0.33,2.76,-3.72,-0.62,0.02,Equity : Multi Cap
SBI Gold ETF,Vandna Soni,GOLD-ETF,8.04,6.42,0.77,-0.75,-3.58,3.8,4.46,5.36,-3.43,-0.77,Gold : ETFs
SBI Gold Reg(G),Raviprakash Sharma,GOLD-MF,7.62,7.57,0.46,-0.93,-3.22,3.29,4.81,4.99,-3.78,-0.39,Gold : MFs
SBI Healthcare Opp Fund Reg(G),Tanmaya Desai,EQ-PHRM,0.01,1.02,-2.15,5.43,7.09,6.64,2.77,1.01,-0.26,3.31,Equity : Sectoral - Pharma
SBI Infrastructure Fund Reg(G),Bhavin Vithlani,EQ-INFRA,2.35,5.77,1.33,9.02,2.82,-0.85,1.68,-6.12,-1.46,-1.6,Equity : Sectoral - Infrastructure
SBI Innovative Opportunities Fund Reg(G),Prasad Padala,EQ-THEM,-,-,-,-,-,-,0.93,-5.64,0.74,4.23,Equity : Thematic
SBI International Access US Equity FoF Reg(G),Pradeep Kesavan,FOF-OVR,4.97,-3.22,5.43,3.78,2.02,0.69,0.51,-1.05,4.82,-2.84,FoFs : Overseas
SBI Large & Midcap Fund Reg(G),Saurabh Pant,EQ-L&M,0.08,4.33,1.35,7.11,4.4,0.63,2.28,-4.36,0.33,-1.49,Equity : Large & Mid Cap
SBI Liquid Fund Reg(G),R. Arun,DT-LIQ,0.65,0.6,0.59,0.56,0.6,0.57,0.58,0.58,0.55,0.57,Debt : Liquid
SBI Long Duration Fund Reg(G),Tejas Soman,DT-LD,0.9,-1.49,2.39,1.39,0.57,1.18,1.79,-0.45,0.12,0.5,Debt : Long Duration
SBI Long Term Equity Fund Reg(G),Dinesh Balachandran,EQ-ELSS,1.05,5.19,1.13,6.69,5.68,0.76,1.6,-5.29,-0.16,-1.08,Equity : Tax Saving (ELSS)
SBI Magnum Childrens Benefit Fund Investment Plan Reg(G),R. Srinivasan,HY-SOL,-1.12,7.85,1.3,11.38,6.52,1.11,2.67,-4.7,0.3,5.85,Hybrid : Solution Oriented
SBI Magnum Childrens Benefit Fund Savings Plan,Rajeev Radhakrishnan,HY-SOL,-0.85,2.12,1.08,3.08,3.02,2.68,1.3,-0.12,0.83,0.2,Hybrid : Solution Oriented
SBI Magnum Comma Fund Reg(G),Dinesh Balachandran,EQ-THEM,0.13,7.39,-0.62,3.87,5.32,2.83,2.33,-8.24,-1.07,-2.79,Equity : Thematic
SBI Magnum Constant Maturity Fund Reg(G),Tejas Soman,DT-GL10Y,0.71,-0.41,1.58,0.57,1.08,1,1.39,-0.17,0.78,0.46,Debt : Gilt (10 Yr Constant Duration)
SBI Magnum Gilt Fund Reg(G),Rajeev Radhakrishnan,DT-GILT,0.87,-0.61,1.75,0.71,0.94,1.01,1.51,-0.35,0.38,0.43,Debt : Gilt
SBI Magnum Global Fund Reg(G),R. Srinivasan,EQ-MNC,-0.26,0.87,1.92,5.83,3.41,-0.61,1.83,-4.38,1.46,0.45,Equity : Thematic - MNC
SBI Magnum Income Fund Reg(G),Lokesh Mallya,DT-M&LD,0.72,-0.18,1.22,0.7,0.8,0.78,1.23,0.12,0.51,0.4,Debt : Medium to Long Duration
SBI Magnum Low Duration Fund Reg(G),Rajeev Radhakrishnan,DT-LOWD,0.68,0.54,0.6,0.58,0.68,0.56,0.57,0.64,0.51,0.52,Debt : Low Duration
SBI Magnum Medium Duration Fund Reg(G),Lokesh Mallya,DT-MD,0.69,0.21,0.89,0.6,0.83,0.73,0.95,0.31,0.71,0.52,Debt : Medium Duration
SBI Magnum Midcap Fund Reg(G),Bhavin Vithlani,EQ-MID,0.93,4.72,1.41,8.78,2.88,0.82,2.87,-5.35,-0.96,0.77,Equity : Mid Cap
SBI Magnum Ultra Short Duration Fund Reg(G),R. Arun,DT-USD,0.69,0.6,0.6,0.57,0.63,0.57,0.6,0.62,0.55,0.54,Debt : Ultra Short Duration
SBI Multi Asset Allocation Fund Reg(G),Mansi Sajeja,HY-MULTI,0.78,4.34,1.01,3.34,1.89,0.72,1.87,-1.29,-1.16,-0.47,Hybrid : Multi Asset Allocation
SBI Multicap Fund Reg(G),R. Srinivasan,EQ-MLC,1.44,5.89,-0.14,7.19,5.36,1.73,3.53,-4.56,0.37,0.33,Equity : Multi Cap
SBI Nifty 10 yr Benchmark G Sec ETF,Tejas Soman,DT-ETF,0.74,-0.45,1.79,0.41,1.14,0.97,1.31,-0.14,0.92,0.51,Debt : ETFs
SBI NIFTY 1D Rate ETF,Tejas Soman,DT-ETF,0.52,0.51,0.53,0.51,0.52,0.51,0.5,0.51,0.5,0.53,Debt : ETFs
SBI Nifty 200 Quality 30 ETF,Raviprakash Sharma,EQ-ETF,-0.37,0.81,3.92,6.53,7.74,2.56,2.29,-8.59,-0.07,-2.27,Equity : ETFs
SBI Nifty 50 ETF,Raviprakash Sharma,EQ-ETF,1.56,1.24,0.02,6.74,3.98,1.35,2.27,-6.12,-0.26,-2.02,Equity : ETFs
SBI Nifty 500 Index Fund Reg(G),Viral Chhadva,EQ-INDX,-,-,-,-,-,-,-,-,-0.03,-1.45,Equity : Index Funds
SBI Nifty Bank ETF,Raviprakash Sharma,EQ-ETF,2.15,4.81,-0.32,6.92,-1.49,-0.18,3.15,-2.84,1.12,-2.32,Equity : ETFs
SBI Nifty Consumption ETF,Harsh Sethi,EQ-ETF,3.26,2.71,0.66,6.62,6.14,2.46,6.16,-10.51,-0.21,-0.76,Equity : ETFs
SBI Nifty Index Fund Reg(G),Raviprakash Sharma,EQ-INDX,1.52,1.2,-0.02,6.71,3.95,1.31,2.23,-6.16,-0.3,-2.06,Equity : Index Funds
SBI Nifty India Consumption Index Fund Reg(G),Harsh Sethi,EQ-INDX,-,-,-,-,-,-,-,-,-0.94,-0.82,Equity : Index Funds
SBI Nifty IT ETF,Harsh Sethi,EQ-ETF,-7.5,-4.88,-1.62,11.63,13.11,4.74,-1.99,-3.14,6.74,0.42,Equity : ETFs
SBI Nifty Midcap 150 Index Fund Reg(G),Harsh Sethi,EQ-INDX,-0.44,6.26,2.16,7.88,4.95,0.3,1.68,-6.5,0.13,1.04,Equity : Index Funds
SBI Nifty Next 50 ETF,Raviprakash Sharma,EQ-ETF,2.82,7.04,4.1,5.97,4.65,0.79,2.35,-9.3,1.24,-3.79,Equity : ETFs
SBI Nifty Next 50 Index Fund Reg(G),Raviprakash Sharma,EQ-INDX,2.75,6.98,4.04,5.91,4.58,0.72,2.29,-9.36,1.18,-3.85,Equity : Index Funds
SBI Nifty Private Bank ETF,Harsh Sethi,EQ-ETF,1.93,4.15,-0.95,7.73,-1.37,0.18,3.1,-4.85,0.41,-2.18,Equity : ETFs
SBI Nifty Smallcap 250 Index Fund Reg(G),Harsh Sethi,EQ-INDX,-4.35,10.39,-1.36,9.45,4.9,1.28,1.11,-3.65,-0.22,0.11,Equity : Index Funds
SBI Nifty50 Equal Weight ETF,Viral Chhadva,EQ-ETF,-,-,-,-,-,1.86,2.66,-8.02,-2.39,-1.89,Equity : ETFs
SBI Nifty50 Equal Weight Index Fund Reg(G),Viral Chhadva,EQ-INDX,1.43,0.99,0.22,6.28,5.58,1.8,2.6,-8.09,-2.45,-1.95,Equity : Index Funds
SBI Overnight Fund Reg(G),R. Arun,DT-ON,0.55,0.53,0.55,0.53,0.53,0.53,0.52,0.53,0.52,0.55,Debt : Overnight
SBI PSU Fund Reg(G),Rohit Shimpi,EQ-THEM,-0.54,11.35,2.69,1.69,7.13,-2.38,-1.09,-6.44,0.92,-4.93,Equity : Thematic
SBI Retirement Benefit Fund Aggressive Hybrid Plan Reg(G),Rohit Shimpi,HY-SOL,1.05,2.73,2.54,6.14,2.62,0.26,1.45,-4.41,0.33,-2.55,Hybrid : Solution Oriented
SBI Retirement Benefit Fund Aggressive Plan Reg(G),Rohit Shimpi,HY-SOL,1.2,3.19,2.75,7.16,2.9,-0.12,1.54,-5.6,0.61,-3.14,Hybrid : Solution Oriented
SBI Retirement Benefit Fund Conservative Hybrid Plan Reg(G),Rohit Shimpi,HY-SOL,0.88,0.85,1.82,3.44,1.65,0.51,1.32,-2.26,0.51,-0.93,Hybrid : Solution Oriented
SBI Retirement Benefit Fund Conservative Plan Reg(G),Rohit Shimpi,HY-SOL,0.81,0.11,1.51,2.07,1.22,0.76,1.39,-1.14,0.42,-0.14,Hybrid : Solution Oriented
SBI Savings Fund Reg(G),R. Arun,DT-MM,0.71,0.58,0.58,0.56,0.62,0.54,0.6,0.58,0.54,0.55,Debt : Money Market
SBI Short Term Debt Fund Reg(G),Rajeev Radhakrishnan,DT-SD,0.7,0.28,0.84,0.53,0.82,0.69,0.81,0.49,0.58,0.5,Debt : Short Duration
SBI Silver ETF,Vandna Soni,GOLD-ETF,-,-,-,-,-,2.75,4.9,7.56,-7.42,-3.69,Gold : ETFs
SBI Silver ETF FOF Reg(G),Harsh Sethi,FOF-DOM,-,-,-,-,-,2.94,5.83,6.48,-7.59,-3.83,FoFs : Domestic
SBI Small Cap Fund Reg(G),R. Srinivasan,EQ-SML,-1.34,8.03,1.09,7.72,5.25,-0.09,2.53,-4.35,-0.79,-0.67,Equity : Small Cap
SBI Technology Opp Fund Reg(G),Vivek Gedda,EQ-TECH,-4.57,-2.17,-0.42,9.96,10.11,4.18,0.27,-3.57,5.49,2.25,Equity : Sectoral - Technology
Shriram Aggressive Hybrid Fund Reg(G),Deepak Ramaraju,HY-EQ,1.19,3.12,1.76,3.11,3.32,1.08,0.02,-6.19,-0.17,1.14,Hybrid : Equity Oriented
Shriram Balanced Advantage Fund Reg(G),Deepak Ramaraju,HY-DYN,1.07,1.77,0.08,2.29,2,0.96,-0.12,-6.26,0.33,2.01,Hybrid : Dynamic Asset Allocation
Shriram ELSS Tax Saver Fund Reg(G),Deepak Ramaraju,EQ-ELSS,-0.94,4.25,2.56,5.58,3.91,-1.02,0.94,-6.63,0.12,1.31,Equity : Tax Saving (ELSS)
Shriram Flexi Cap Fund Reg(G),Deepak Ramaraju,EQ-FLEX,-0.57,4.3,1.75,5.12,3.33,-0.51,-0.09,-6.21,0.14,1.58,Equity : Flexi Cap
Shriram Liquid Fund Reg(G),Deepak Ramaraju,DT-LIQ,-,-,-,-,-,-,-,-,-,0.57,Debt : Liquid
Shriram Multi Asset Allocation Fund Reg(G),Deepak Ramaraju,HY-MULTI,1.52,3.34,0.58,2.97,1.15,0.1,-0.83,-4.26,-0.64,0.85,Hybrid : Multi Asset Allocation
Shriram Nifty 1D Rate Liquid ETF,Deepak Ramaraju,DT-ETF,-,-,-,-,-,0.51,0.5,0.5,0.5,0.52,Debt : ETFs
Shriram Overnight Fund Reg(G),Deepak Ramaraju,DT-ON,0.55,0.53,0.55,0.53,0.53,0.53,0.52,0.53,0.51,0.54,Debt : Overnight
Sundaram Aggressive Hybrid Fund(G),S. Bharath,HY-EQ,1.27,1.81,-0.15,6.54,3.31,1.37,2.48,-4.49,0.32,0.03,Hybrid : Equity Oriented
Sundaram Arbitrage Fund(G),Rohit Seksaria,HY-ARB,0.56,0.59,0.57,0.64,0.58,0.57,0.5,0.5,0.52,0.57,Hybrid : Arbitrage
Sundaram Balanced Advantage Fund(G),S. Bharath,HY-DYN,0.76,1.2,-0.19,5.21,2.95,1.17,1.74,-3.19,0.23,-0.32,Hybrid : Dynamic Asset Allocation
Sundaram Banking & PSU Fund(G),Sandeep Agarwal,DT-B&PSU,0.69,0.28,0.85,0.51,0.91,0.74,0.96,0.47,0.5,0.53,Debt : Banking & PSU
Sundaram Business Cycle Fund Reg(G),Ratish Varier,EQ-THEM,-,-,-,-,2.95,3.22,2.87,-3.29,1.05,0.91,Equity : Thematic
Sundaram Conservative Hybrid Fund(G),Dwijendra Srivastava,HY-DT(CO),0.69,-0.06,0.85,2.01,1.1,0.82,1.64,-1.21,0.34,-0.02,Hybrid : Debt Oriented (Conservative)
Sundaram Consumption Fund(G),Ratish Varier,EQ-CONS,0.83,3.01,0.2,8.24,6.75,3.11,5.9,-9.1,1.63,0.2,Equity : Thematic - Consumption
Sundaram Corp Bond Fund(G),Dwijendra Srivastava,DT-CORP,0.66,0.22,0.86,0.5,0.94,0.76,1.02,0.4,0.54,0.49,Debt : Corporate Bond
Sundaram Diversified Equity(G),Sudhir Kedia,EQ-ELSS,1.3,2.14,-0.01,6.76,3.62,1.22,1.98,-6.07,0.83,-0.62,Equity : Tax Saving (ELSS)
Sundaram Dividend Yield Fund(G),Ratish Varier,EQ-DIV,0.28,3.5,0.45,5.91,5.32,1.21,1.09,-6.13,0.18,-1.74,Equity : Thematic - Dividend Yield
Sundaram ELSS Tax Saver Fund Reg(G),Sudhir Kedia,EQ-ELSS,1.61,3.62,-0.21,6.33,3.31,1.54,1.98,-5.6,0.35,-0.59,Equity : Tax Saving (ELSS)
Sundaram Equity Savings Fund(G),Sudhir Kedia,HY-EQ,0.61,2.34,0.23,2.83,1.9,1.51,1.46,-1.76,0.03,0.4,Hybrid : Equity Oriented
Sundaram Fin Serv Opp Fund(G),Rohit Seksaria,EQ-FIN,1.14,5.63,-0.93,7.44,-0.73,1.38,2.4,-3.88,-1.36,-2.69,Equity : Sectoral - Financial Services
Sundaram Flexi Cap Fund Reg(G),Sudhir Kedia,EQ-FLEX,1.61,2.1,-0.57,6.74,3.93,2.7,2.21,-5.14,0.61,-0.72,Equity : Flexi Cap
Sundaram Focused Fund(G),S. Bharath,EQ-FLEX,1.98,2.57,0.74,6.5,2.96,2.93,1.53,-5.36,0.9,-1.14,Equity : Flexi Cap
Sundaram Global Brand Fund(G),Patanjali Srinivasan,FOF-OVR,1.89,-4.13,1.08,1.97,0.45,1.47,1.43,-1.81,2.73,2.16,FoFs : Overseas
Sundaram Infra Advantage Fund(G),Ashish Aggarwal,EQ-INFRA,1.95,6.48,5.54,4.94,2.49,-1.03,1.98,-5.01,-0.8,-1.09,Equity : Sectoral - Infrastructure
Sundaram Large and Mid Cap Fund(G),S. Bharath,EQ-L&M,1.41,4.14,1.7,7.12,3.46,1.59,2.24,-4.95,0.7,0.19,Equity : Large & Mid Cap
Sundaram Large Cap Fund Reg(G),Ashwin Jain,EQ-LC,1.78,0.99,-0.66,6.08,4.11,1.64,1.64,-6.17,0.09,-0.89,Equity : Large Cap
Sundaram Liquid Fund(G),Dwijendra Srivastava,DT-LIQ,0.64,0.62,0.6,0.56,0.6,0.57,0.58,0.58,0.56,0.58,Debt : Liquid
Sundaram Low Duration Fund(G),Sandeep Agarwal,DT-LOWD,0.63,0.56,0.56,0.52,0.67,0.53,0.82,0.6,0.49,0.55,Debt : Low Duration
Sundaram Medium Duration Fund(G),Dwijendra Srivastava,DT-MD,0.5,-0.06,0.92,0.41,0.74,0.61,0.84,0.1,0.53,0.39,Debt : Medium Duration
Sundaram Mid Cap Fund Reg(G),S. Bharath,EQ-MID,0.47,4.91,2.95,7.71,5.88,2.24,3.44,-5.37,0.45,1.41,Equity : Mid Cap
Sundaram Money Market Fund Reg(G),Sandeep Agarwal,DT-MM,0.72,0.57,0.63,0.54,0.67,0.55,0.63,0.62,0.55,0.59,Debt : Money Market
Sundaram Multi Asset Allocation Fund Reg(G),Rohit Seksaria,HY-MULTI,2.58,3.07,0.28,3.47,2.08,1.68,2.11,-3.4,-0.56,-1.15,Hybrid : Multi Asset Allocation
Sundaram Multi Cap Fund(G),Sudhir Kedia,EQ-MLC,-0.57,5.08,2.82,6.26,4.18,1.18,2.95,-5.84,0.08,0.03,Equity : Multi Cap
Sundaram Nifty 100 Equal Weight Fund(G),Rohit Seksaria,EQ-INDX,1.65,3.28,1.93,5.36,5.31,0.61,2.3,-8.24,-0.91,-2.39,Equity : Index Funds
Sundaram Overnight Fund Reg(G),Sandeep Agarwal,DT-ON,0.55,0.52,0.55,0.53,0.53,0.53,0.52,0.53,0.52,0.55,Debt : Overnight
Sundaram Services Fund Reg(G),Rohit Seksaria,EQ-THEM,1.36,2.88,-1.27,8.57,2.79,3.94,4.36,-4.88,0.19,-0.34,Equity : Thematic
Sundaram Short Duration Fund(G),Dwijendra Srivastava,DT-SD,0.65,0.25,0.84,0.54,0.8,0.66,1.17,0.41,0.55,0.51,Debt : Short Duration
Sundaram Small Cap Fund(G),Rohit Seksaria,EQ-SML,-2.16,6.54,-0.8,7.95,3.15,3.01,2.72,-3.17,-0.84,-0.64,Equity : Small Cap
Sundaram Ultra Short Duration Fund(G),Sandeep Agarwal,DT-USD,0.6,0.53,0.51,0.48,0.57,0.47,0.55,0.53,0.47,0.52,Debt : Ultra Short Duration
Tata Arbitrage Fund Reg(G),Sailesh Jain,HY-ARB,0.62,0.65,0.58,0.64,0.55,0.57,0.52,0.62,0.51,0.6,Hybrid : Arbitrage
Tata Balanced Adv Fund Reg(G),Rahul Singh (Tata),HY-DYN,0.7,1.19,1.03,3.36,2.33,0.39,1.37,-2.92,-0.07,-0.57,Hybrid : Dynamic Asset Allocation
Tata Banking & Financial Services Fund Reg(G),Amey Sathe,EQ-FIN,-0.93,7.04,-2.1,8.18,0.47,1.93,3.42,-2.53,-0.5,-1.97,Equity : Sectoral - Financial Services
Tata BSE Sensex Index Fund Reg(G),Kapil Menon,EQ-INDX,1.52,1.08,-0.37,7,3.45,0.91,2.29,-5.75,0.51,-2.15,Equity : Index Funds
Tata Business Cycle Fund Reg(G),Rahul Singh (Tata),EQ-THEM,1.57,4.14,1.37,6.12,4.47,0.33,2.26,-5.67,-0.96,-1.61,Equity : Thematic
Tata Corp Bond Fund Reg(G),Abhishek Sonthalia,DT-CORP,0.72,0.22,0.87,0.68,0.83,0.72,0.95,0.48,0.49,0.56,Debt : Corporate Bond
Tata CRISIL IBX Gilt Index   April 2026 Index Fund Reg(G),Amit Somani,DT-MD,0.54,0.37,0.74,0.64,0.76,0.58,0.69,0.48,0.46,0.56,Debt : Medium Duration
Tata Digital India Fund Reg(G),Meeta Shetty,EQ-TECH,-4.33,-2.19,-1.92,11.29,10.68,5.02,-0.86,-2.87,5.85,0.87,Equity : Sectoral - Technology
Tata Dividend Yield Fund Reg(G),Sailesh Jain,EQ-DIV,0.03,5.74,3.21,5.36,3.25,-0.74,1.34,-5.47,-0.1,-2.7,Equity : Thematic - Dividend Yield
Tata ELSS Tax Saver Fund Reg(G),Tejas Gutka,EQ-ELSS,0.15,4.55,0.38,8.75,4.15,2.05,2.73,-4.84,-0.32,-0.49,Equity : Tax Saving (ELSS)
Tata Equity P/E Fund(G),Sonam Udasi,EQ-VAL,0.73,6.36,2.04,7.3,4.76,1.99,1.23,-6.01,-0.95,-0.88,Equity : Value / Contra
Tata Equity Savings Fund Reg(G),Sailesh Jain,HY-EQ,0.67,1.38,0.88,2.83,1.08,0.57,0.78,-0.57,0.64,0.21,Hybrid : Equity Oriented
Tata Ethical Fund Reg(G),Abhinav Sharma,EQ-THEM,-1,3.45,1.41,7.45,6.6,1.66,0.03,-6.92,0.19,-2.57,Equity : Thematic
Tata Flexi Cap Fund Reg(G),Amey Sathe,EQ-FLEX,1.48,4.4,-0.33,6.95,5.13,0.96,2.43,-4.16,-1.14,-2.59,Equity : Flexi Cap
Tata Floating Rate Fund Reg(G),Akhil Mittal,DT-FL,0.61,0.5,0.7,0.58,0.71,0.6,0.79,0.73,0.4,0.67,Debt : Floater
Tata Focused Equity Fund Reg(G),Meeta Shetty,EQ-MLC,-0.16,3.2,-0.23,8.52,3.94,1.97,2.47,-5.92,1.16,-0.26,Equity : Multi Cap
Tata Gilt Securities Fund Reg(G),Akhil Mittal,DT-GILT,0.71,-0.2,1.07,0.44,0.98,0.76,1.17,0.12,0.47,0.38,Debt : Gilt
Tata Gold ETF,Tapan Patel,GOLD-ETF,7.94,5.04,2.27,-1.15,-3.07,3.65,4.35,5.24,-3.28,-0.42,Gold : ETFs
Tata Gold ETF FoF Reg(G),Tapan Patel,FOF-DOM,6.8,7.35,0.08,-0.77,-3.21,3.23,4.82,4.95,-3.7,-0.46,FoFs : Domestic
Tata Housing Opportunities Fund Reg(G),Tejas Gutka,EQ-THEM,-0.66,7.38,1.04,9.29,1.55,0.27,2.97,-7.22,-0.55,-0.77,Equity : Thematic
Tata Hybrid Equity Fund Reg(G),Satish Chandra Mishra,HY-EQ,0.88,2.4,0.44,5.24,3.99,0.99,1.3,-3.91,-0.28,-1.06,Hybrid : Equity Oriented
Tata India Consumer Fund Reg(G),Sonam Udasi,EQ-CONS,1.97,3.18,-0.57,8.06,6.34,4.43,5.01,-6.89,1.46,2.02,Equity : Thematic - Consumption
Tata India Innovation Fund Reg(G),Meeta Shetty,EQ-THEM,-,-,-,-,-,-,-,-,-,0.8,Equity : Thematic
Tata India Pharma & Healthcare Fund Reg(G),Meeta Shetty,EQ-PHRM,-0.05,0.46,-0.6,4.78,10.27,6.96,0.76,-1.44,-0.75,4.23,Equity : Sectoral - Pharma
Tata Infrastructure Fund Reg(G),Abhinav Sharma,EQ-INFRA,2.69,6.88,5.13,6.1,3.98,-3.93,1.82,-6.41,-1.74,-3.0,Equity : Sectoral - Infrastructure
Tata Large & Mid Cap Fund Reg(G),Chandraprakash Padiyar,EQ-L&M,1.1,3.95,0.1,7.78,3.76,0.35,2.69,-4.44,-1.32,-1.86,Equity : Large & Mid Cap
Tata Large Cap Fund Reg(G),Abhinav Sharma,EQ-LC,1.21,3.19,1.74,5.73,4.45,0.39,1.16,-5.84,0.04,-2.09,Equity : Large Cap
Tata Liquid Fund Reg(G),Amit Somani,DT-LIQ,0.64,0.61,0.59,0.56,0.6,0.57,0.58,0.59,0.57,0.59,Debt : Liquid
Tata Mid Cap Growth Fund Reg(G),Satish Chandra Mishra,EQ-MID,0.44,6.84,3.48,7.43,4.79,-0.71,1.35,-5.71,-0.38,-0.62,Equity : Mid Cap
Tata Money Market Fund Reg(G),Amit Somani,DT-MM,0.77,0.59,0.62,0.59,0.66,0.55,0.64,0.61,0.56,0.59,Debt : Money Market
Tata Multi Asset Opp Fund Reg(G),Rahul Singh (Tata),HY-MULTI,1.09,2.62,0.91,4.16,2.21,0.32,1.46,-2.36,-0.36,-0.37,Hybrid : Multi Asset Allocation
Tata Multicap Fund Reg(G),Rahul Singh (Tata),EQ-MLC,-0.89,4.16,0.52,7.84,4.64,0.88,1.21,-5.19,-1.02,-1.0,Equity : Multi Cap
Tata Nifty 50 ETF,Kapil Menon,EQ-ETF,1.57,1.22,0.02,6.74,3.96,1.36,2.27,-6.12,-0.26,-2.02,Equity : ETFs
Tata NIFTY 50 Index Fund Reg(G),Kapil Menon,EQ-INDX,1.52,1.2,-0.02,6.68,3.92,1.32,2.23,-6.19,-0.31,-2.06,Equity : Index Funds
Tata Nifty Auto Index Fund Reg(G),Kapil Menon,EQ-AUTO,-,-,4.07,7.66,5.95,-1.66,3.15,-12.97,-0.7,-2.4,Equity : Sectoral - Auto
Tata Nifty Capital Markets Index Fund Reg(G),Kapil Menon,EQ-INDX,-,-,-,-,-,-,-,-,1.55,6.47,Equity : Index Funds
Tata Nifty Financial Services Index Fund Reg(G),Kapil Menon,EQ-INDX,-,-,-0.09,7.63,-0.12,1.1,3.46,-2.48,0.45,-2.21,Equity : Index Funds
Tata Nifty G Sec Dec 2026 Index Fund Reg(G),Amit Somani,DT-MD,0.57,0.3,0.84,0.63,0.82,0.64,0.76,0.43,0.48,0.51,Debt : Medium Duration
Tata Nifty G Sec Dec 2029 Index Fund Reg(G),Amit Somani,DT-M&LD,0.67,-0.07,1.16,0.62,1.2,0.77,1.0,0.16,0.67,0.49,Debt : Medium to Long Duration
Tata Nifty India Digital ETF,Kapil Menon,EQ-ETF,-1.06,-0.02,-2.14,11.15,8.01,6.08,-1.0,-5.24,6.3,1.81,Equity : ETFs
Tata Nifty India Digital ETF FoF Reg(G),Meeta Shetty,FOF-DOM,-0.87,-0.18,-2.33,10.66,7.92,5.82,-0.73,-5.12,5.6,1.84,FoFs : Domestic
Tata Nifty India Tourism Index Fund Reg(G),Kapil Menon,EQ-INDX,-,-,-,-,-,0.42,1.36,-10.43,7.63,5.15,Equity : Index Funds
Tata Nifty Midcap 150 Momentum 50 Index Fund Reg(G),Kapil Menon,EQ-INDX,1.42,7.49,4.45,4.58,4.57,1.11,0.93,-6.08,1.07,0.59,Equity : Index Funds
Tata Nifty MidSmall Healthcare Index Fund Reg(G),Kapil Menon,EQ-INDX,-,-,-2.22,6.64,8.42,7.09,1.73,1.07,-1.61,4.88,Equity : Index Funds
Tata Nifty Pvt Bank ETF,Kapil Menon,EQ-ETF,1.98,4.01,-0.95,7.79,-1.28,0.21,3.34,-5.11,0.41,-2.17,Equity : ETFs
Tata Nifty Realty Index Fund Reg(G),Kapil Menon,EQ-INDX,-,-,4.77,7.65,-0.73,-3.48,4.25,-9.52,1.99,3.1,Equity : Index Funds
Tata Nifty SDL Plus AAA PSU Bond Dec 2027 60:40 Index Fund Reg(G),Amit Somani,DT-M&LD,0.6,0.44,0.77,0.72,0.89,0.71,0.79,0.55,0.42,0.46,Debt : Medium to Long Duration
Tata Nifty200 Alpha 30 Index Fund Reg(G),Kapil Menon,EQ-INDX,-,-,-,-,-,-,-,-9.06,0.42,0.08,Equity : Index Funds
Tata Nifty500 Multicap India Manufacturing 50:30:20 Index Fund Reg(G),Kapil Menon,EQ-INDX,-,-,2.6,7.8,4.35,0.8,1.85,-7.31,-0.54,-0.87,Equity : Index Funds
Tata Nifty500 Multicap Infrastructure 50:30:20 Index Fund Reg(G),Kapil Menon,EQ-INDX,-,-,0.81,8.61,3.88,-1.22,1.19,-7.28,-1.11,-0.96,Equity : Index Funds
Tata Overnight Fund Reg(G),Amit Somani,DT-ON,0.55,0.53,0.55,0.53,0.54,0.53,0.52,0.53,0.52,0.55,Debt : Overnight
Tata Quant Fund Reg(G),Sailesh Jain,EQ-THEM,2.22,3.23,-0.03,9.47,5.21,1.96,2.34,-7.21,-1.9,-1.5,Equity : Thematic
Tata Resources & Energy Fund Reg(G),Satish Chandra Mishra,EQ-POWER,0.08,7.61,1.76,4.57,5.19,-1,2.05,-6.03,-1.31,-3.85,Equity : Sectoral - Energy / Power
Tata Retirement Sav Fund   Cons Plan(G),Sonam Udasi,HY-SOL,0.76,1.32,1.24,2.46,1.82,0.87,0.99,-1.24,0.45,0.08,Hybrid : Solution Oriented
Tata Retirement Sav Fund   Mod Plan(G),Sonam Udasi,HY-SOL,1.44,3.9,1.31,6.53,4.31,1.35,1.6,-3.22,1.06,0.25,Hybrid : Solution Oriented
Tata Retirement Sav Fund   Prog Plan(G),Sonam Udasi,HY-SOL,1.41,4.78,1.53,7.32,4.75,1.46,2.2,-4.52,0.87,0.43,Hybrid : Solution Oriented
Tata Silver ETF,Tapan Patel,GOLD-ETF,8.6,7.19,16.36,-5.72,-5.61,2.11,5.79,6.86,-7.17,-2.79,Gold : ETFs
Tata Silver ETF FoF Reg(G),Tapan Patel,FOF-DOM,5.73,7.93,14.69,-4.86,-5.14,1.61,5.99,6.9,-7.65,-3.67,FoFs : Domestic
Tata Small Cap Fund Reg(G),Chandraprakash Padiyar,EQ-SML,-2.19,10.06,-0.11,9.12,5.62,2.99,2.97,-0.31,-1.64,-1.67,Equity : Small Cap
Tata ST Bond Fund Reg(G),Murthy Nagarajan,DT-SD,0.63,0.23,0.82,0.53,0.8,0.62,0.8,0.42,0.51,0.5,Debt : Short Duration
Tata Treasury Advantage Fund Reg(G),Akhil Mittal,DT-LOWD,0.67,0.56,0.61,0.57,0.67,0.54,0.65,0.64,0.51,0.57,Debt : Low Duration
Tata Ultra Short Term Fund Reg(G),Akhil Mittal,DT-USD,0.62,0.56,0.54,0.54,0.59,0.5,0.6,0.59,0.51,0.58,Debt : Ultra Short Duration
Tata Young Citizen Fund,Amey Sathe,HY-SOL,-1.4,4.12,-0.69,8.04,5.77,1.22,0.92,-5.92,-0.03,-1.27,Hybrid : Solution Oriented
Taurus Banking & Fin Serv Fund Reg(G),Anuj Kapil,EQ-FIN,1.38,5.59,-2.15,5.47,0.93,-0.82,2.23,-2.32,0.69,-2.54,Equity : Sectoral - Financial Services
Taurus ELSS Tax Saver Fund Reg(G),Anuj Kapil,EQ-ELSS,-2.27,3.04,-0.47,5.21,7.67,0.38,1.36,-4.2,1.43,0.35,Equity : Tax Saving (ELSS)
Taurus Ethical Fund Reg(G),Anuj Kapil,EQ-MLC,-1.65,1.69,1.58,5.83,7.72,1.55,0.74,-6.95,0.59,-2.39,Equity : Multi Cap
Taurus Flexi Cap Fund Reg(G),Anuj Kapil,EQ-FLEX,-1.3,4.57,1.5,5.86,6.22,-1.24,1.42,-6.28,1.01,-0.84,Equity : Flexi Cap
Taurus Infrastructure Fund Reg(G),Anuj Kapil,EQ-INFRA,2.28,6.88,1.5,7.05,3.99,-1.56,3.82,-7.31,-0.13,-3.16,Equity : Sectoral - Infrastructure
Taurus Large Cap Fund Reg(G),Anuj Kapil,EQ-LC,0.72,2.86,0.69,4.86,6.45,-0.44,1.39,-6.24,0.93,-1.07,Equity : Large Cap
Taurus Mid Cap Fund Reg(G),Anuj Kapil,EQ-MID,-1.69,8.86,-0.81,5.44,6.07,-0.45,-0.76,-6.67,0.22,-2.0,Equity : Mid Cap
Taurus Nifty 50 Index Fund Reg(G),Anuj Kapil,EQ-INDX,1.47,1.12,-0.08,6.49,3.81,1.21,2.21,-6.16,-0.33,-2.09,Equity : Index Funds
Templeton India Equity Income Fund(G),Rajasa Kakulavarapu,EQ-DIV,-1.04,3.49,1.77,4.49,7.96,1.64,0.2,-5.89,-1.2,-1.7,Equity : Thematic - Dividend Yield
Templeton India Value Fund(G),Ajay Argal,EQ-VAL,-0.05,4.68,1.66,7.17,4.38,0.65,0.39,-5.87,-1.02,-2.53,Equity : Value / Contra
TRUSTMF Banking & PSU Fund Reg(G),Jalpan Shah,DT-B&PSU,0.55,0.61,0.66,0.47,0.85,0.65,0.84,0.51,0.46,0.45,Debt : Banking & PSU
TRUSTMF Corporate Bond Fund Reg(G),Jalpan Shah,DT-CORP,0.68,0.19,0.87,0.45,0.91,0.72,0.97,0.42,0.46,0.45,Debt : Corporate Bond
TRUSTMF Flexi Cap Fund Reg(G),Mihir Vora,EQ-FLEX,-,-,2.6,6.82,2.55,3.47,1.89,-2.53,1.73,2.47,Equity : Flexi Cap
TRUSTMF Liquid Fund Reg(G),Jalpan Shah,DT-LIQ,0.62,0.57,0.59,0.56,0.59,0.57,0.58,0.57,0.56,0.58,Debt : Liquid
TRUSTMF Money Market Fund Reg(G),Jalpan Shah,DT-MM,0.68,0.55,0.61,0.52,0.65,0.58,0.64,0.62,0.54,0.6,Debt : Money Market
TRUSTMF Overnight Fund Reg(G),Jalpan Shah,DT-ON,0.55,0.52,0.56,0.53,0.54,0.53,0.52,0.56,0.53,0.55,Debt : Overnight
TRUSTMF Short Duration Fund Reg(G),Jalpan Shah,DT-SD,0.6,0.2,0.81,0.47,0.88,0.64,0.83,0.4,0.53,0.48,Debt : Short Duration
TRUSTMF Small Cap Fund Reg(G),Mihir Vora,EQ-SML,-,-,-,-,-,-,-,-,-,4.16,Equity : Small Cap
Union Aggressive Hybrid Fund Reg(G),Sanjay Bembalkar,HY-EQ,0.95,2.52,-0.61,5.74,2.57,1.2,2.14,-4.24,0.46,0.11,Hybrid : Equity Oriented
Union Arbitrage Fund Reg(G),Vishal Thakker,HY-ARB,0.61,0.7,0.56,0.65,0.56,0.55,0.47,0.71,0.46,0.63,Hybrid : Arbitrage
Union Balanced Advantage Fund Reg(G),Sanjay Bembalkar,HY-DYN,0.27,1.26,0.86,3.75,2.27,0.66,0.55,-2.89,0.41,-0.05,Hybrid : Dynamic Asset Allocation
Union Business Cycle Fund Reg(G),Harshad Patwardhan,EQ-THEM,-,2.97,3.07,5.31,2.12,2.34,0.93,-6.46,-0.18,0.72,Equity : Thematic
Union Childrens Fund Reg(G),Gaurav Chopra,HY-SOL,1.06,2.86,0.74,7.08,3.43,2.74,2.34,-5.13,0.42,-0.08,Hybrid : Solution Oriented
Union Corporate Bond Fund Reg(G),Parijat Agrawal,DT-CORP,0.73,0.19,0.86,0.48,0.95,0.71,1.0,0.42,0.5,0.52,Debt : Corporate Bond
Union Dynamic Bond(G),Parijat Agrawal,DT-DYN,0.71,-0.71,1.69,0.7,0.82,1,1.4,-0.23,0.43,0.42,Debt : Dynamic Bond
Union ELSS Tax Saver Fund(G),Vinod Malviya,EQ-ELSS,1.05,3.4,-0.84,7.27,3.41,1.77,2.16,-5.04,0.52,-0.75,Equity : Tax Saving (ELSS)
Union Equity Savings Fund Reg(G),Sanjay Bembalkar,HY-EQ,0.45,1.03,0.32,2.36,1.5,0.68,0.37,-1.03,0.31,0.12,Hybrid : Equity Oriented
Union Flexi Cap Fund Reg(G),Sanjay Bembalkar,EQ-FLEX,1.07,2.52,-0.22,6.4,2.82,1.74,1.86,-5.3,0.89,0.84,Equity : Flexi Cap
Union Focused Fund Reg(G),Pratik Dharmshi,EQ-MLC,1.29,4,-0.97,6.96,1.2,1.46,1.28,-4.87,2.1,1.07,Equity : Multi Cap
Union Gilt Fund Reg(G),Parijat Agrawal,DT-GILT,0.75,-0.75,2.01,0.69,0.86,1.08,1.47,-0.3,0.37,0.37,Debt : Gilt
Union Innovation & Opp Fund Reg(G),Gaurav Chopra,EQ-THEM,0.45,5.12,-0.17,10.53,3.87,4.55,3.78,-4.12,3.08,2.92,Equity : Thematic
Union Large & Midcap Fund Reg(G),Vinod Malviya,EQ-L&M,1.24,3.68,1.44,7.46,2.37,2,1.58,-5.87,0.88,1.91,Equity : Large & Mid Cap
Union Largecap Fund Reg(G),Sanjay Bembalkar,EQ-LC,1.55,2.22,0,5.83,1.58,1.34,1.58,-5.8,0.09,-0.61,Equity : Large Cap
Union Liquid Fund(G),Devesh Thacker,DT-LIQ,0.64,0.61,0.6,0.57,0.6,0.58,0.58,0.59,0.57,0.59,Debt : Liquid
Union Medium Duration Fund Reg(G),Parijat Agrawal,DT-MD,0.56,0.14,0.89,0.5,0.95,0.68,0.95,0.1,0.68,0.46,Debt : Medium Duration
Union Midcap Fund Reg(G),Gaurav Chopra,EQ-MID,-0.03,5.75,2.42,8.84,3.97,1.56,1.79,-6.31,0.89,2.74,Equity : Mid Cap
Union Money Market Fund Reg(G),Parijat Agrawal,DT-MM,0.61,0.52,0.54,0.49,0.61,0.49,0.59,0.54,0.5,0.54,Debt : Money Market
Union Multi Asset Allocation Fund Reg(G),Sanjay Bembalkar,HY-MULTI,-,-,-,-,-,-,-,-1.87,-0.4,0.7,Hybrid : Multi Asset Allocation
Union Multicap Fund Reg(G),Harshad Patwardhan,EQ-MID,0.38,5.31,0.85,7.25,3.48,2.47,2.35,-5.26,0.19,0.76,Equity : Mid Cap
Union Overnight Fund Reg(G),Tarun Singh,DT-ON,0.56,0.53,0.56,0.53,0.54,0.53,0.52,0.53,0.51,0.55,Debt : Overnight
Union Retirement Fund Reg(G),Pratik Dharmshi,HY-SOL,1.12,3.47,0.29,7.12,2.59,1.62,2.49,-5.1,0.2,-0.65,Hybrid : Solution Oriented
Union Small Cap Fund Reg(G),Pratik Dharmshi,EQ-SML,-3.26,8.5,0.46,7.52,3.87,2.58,2.14,-2.27,1.01,0.73,Equity : Small Cap
Union Value Fund Reg(G),Vinod Malviya,EQ-VAL,-0.21,3.05,2.12,6.8,3.63,1.8,0.69,-3.69,-0.57,-1.73,Equity : Value / Contra
UTI Aggressive Hybrid Fund Reg(G),V. Srivatsa,HY-EQ,1.27,3.1,1.04,6.2,4.21,2.08,1.69,-3.84,0.12,-0.42,Hybrid : Equity Oriented
UTI Arbitrage Fund Reg(G),Sharwan Kumar Goyal,HY-ARB,0.63,0.71,0.58,0.64,0.6,0.57,0.52,0.62,0.53,0.65,Hybrid : Arbitrage
UTI Balanced Advantage Fund Reg(G),Sachin Trivedi,HY-DYN,1,1.44,0.86,3.51,2.34,1.39,2.16,-2.86,0.71,-0.93,Hybrid : Dynamic Asset Allocation
UTI Banking & PSU Fund Reg(G),Anurag Mittal,DT-B&PSU,0.66,0.25,0.82,0.5,0.9,0.63,0.82,0.48,0.51,0.52,Debt : Banking & PSU
UTI Banking and Financial Services Fund Reg(G),Preethi R S,EQ-FIN,0.32,4.9,-1.95,8.07,0.5,0.8,4.11,-2.31,-0.98,-1.82,Equity : Sectoral - Financial Services
UTI BSE Housing Index Fund Reg(G),Sharwan Kumar Goyal,EQ-INDX,-0.97,7.55,3.27,10.08,0.17,-2.02,3.76,-8.22,1.31,1.5,Equity : Index Funds
UTI BSE Low Volatility Index Fund Reg(G),Sharwan Kumar Goyal,EQ-INDX,0.73,1.28,-0.94,6.7,4.32,0.26,3.24,-8.25,-2.51,-0.69,Equity : Index Funds
UTI BSE Sensex ETF,Sharwan Kumar Goyal,EQ-ETF,1.58,1.13,-0.33,7.06,3.51,0.95,2.35,-5.7,0.56,-2.1,Equity : ETFs
UTI BSE Sensex Index Fund Reg(G),Sharwan Kumar Goyal,EQ-INDX,1.56,1.1,-0.35,7.03,3.49,0.92,2.32,-5.73,0.54,-2.12,Equity : Index Funds
UTI BSE Sensex Next 50 ETF,Sharwan Kumar Goyal,EQ-ETF,1.91,5.75,0.6,8.79,4.84,0.83,2.7,-8.36,1.46,-1.11,Equity : ETFs
UTI Childrens Equity Fund(G),Vishal Chopda,HY-SOL,1.21,4.15,0.78,8.92,4.04,1.85,2.19,-7.1,0.1,-1.48,Hybrid : Solution Oriented
UTI Childrens Hybrid Fund,Vishal Chopda,HY-SOL,0.86,1.49,1.15,3.88,2.12,1.28,1.66,-2.9,0.37,-0.33,Hybrid : Solution Oriented
UTI Conservative Hybrid Fund Reg(G),Amit Premchandani,HY-DT(CO),0.62,1.09,1.45,2.65,1.92,1.32,1.67,-1.4,0.45,-0.23,Hybrid : Debt Oriented (Conservative)
UTI Corporate Bond Fund Reg(G),Anurag Mittal,DT-CORP,0.68,0.18,0.93,0.49,0.85,0.7,0.92,0.43,0.61,0.48,Debt : Corporate Bond
UTI Credit Risk Fund Reg(G),Ritesh Nambiar,DT-CR,0.74,0.27,0.8,0.43,0.69,0.72,1.19,0.54,0.6,0.43,Debt : Credit Risk
UTI CRISIL SDL Maturity April 2033 Index Fund Reg(G),Sunil Patil,DT-LD,0.75,-0.05,1.29,0.71,0.93,1.07,1.32,0.31,0.19,0.86,Debt : Long Duration
UTI CRISIL SDL Maturity June 2027 Index Fund Reg(G),Sunil Patil,DT-M&LD,0.48,0.49,0.87,0.7,0.97,0.68,0.71,0.56,0.46,0.49,Debt : Medium to Long Duration
UTI Dividend Yield Fund Reg(G),Amit Premchandani,EQ-DIV,-0.34,4.12,3.12,8.13,7.94,2.6,1.0,-5.68,0.3,-2.71,Equity : Thematic - Dividend Yield
UTI Dynamic Bond Fund Reg(G),Sudhir Agarwal,DT-DYN,0.73,-0.37,1.39,0.38,0.94,0.82,1.31,0.08,0.51,0.46,Debt : Dynamic Bond
UTI ELSS Tax Saver Fund Reg(G),Vishal Chopda,EQ-ELSS,1.23,4.19,0.82,8.97,4.08,1.88,2.22,-7.07,0.12,-1.45,Equity : Tax Saving (ELSS)
UTI Equity Savings Fund Reg(G),V. Srivatsa,HY-EQ,1.08,1,0.64,2.08,1.89,0.84,0.88,-1.68,0.31,-0.01,Hybrid : Equity Oriented
UTI Flexi Cap Fund Reg(G),Ajay Tyagi,EQ-FLEX,0.83,1.85,0.62,8.82,4.04,3.16,3.4,-6.06,1.64,-0.68,Equity : Flexi Cap
UTI Floater Fund Reg(G),Sudhir Agarwal,DT-FL,0.61,0.46,0.6,0.48,0.64,0.53,0.61,0.62,0.46,0.53,Debt : Floater
UTI Focused Fund Reg(G),Vishal Chopda,EQ-FLEX,2.47,3.04,0.39,8.12,4.1,2.61,2.73,-8.5,-0.25,-2.89,Equity : Flexi Cap
UTI Gilt Fund with 10 year Constant Duration Reg(G),Jaydeep Bhowal,DT-GL10Y,0.71,-0.43,1.64,0.43,1.11,0.95,1.37,-0.14,0.8,0.45,Debt : Gilt (10 Yr Constant Duration)
UTI Gilt Fund Reg(G),Sudhir Agarwal,DT-GILT,0.72,-0.45,1.69,0.39,1.08,0.96,1.36,-0.27,0.46,0.48,Debt : Gilt
UTI Gold ETF,Niranjan Das,GOLD-ETF,9.07,5.8,0.5,-0.69,-3.92,4.31,4.67,5.38,-3.79,-0.48,Gold : ETFs
UTI Gold ETF FoF Reg(G),Sharwan Kumar Goyal,GOLD-MF,7.11,8.13,0.2,-1.02,-2.97,3.47,4.58,4.78,-3.34,-0.51,Gold : MFs
UTI Healthcare Fund Reg(G),Kamal Gada,EQ-PHRM,-0.1,0.3,-0.41,5.48,11.24,7.35,3.09,-1.6,0.87,1.94,Equity : Sectoral - Pharma
UTI India Consumer Fund Reg(G),Vishal Chopda,EQ-CONS,2.9,4.28,0.19,8.18,4.91,3.24,5.33,-10.05,0.22,-1.47,Equity : Thematic - Consumption
UTI Infrastructure Fund Reg(G),Sachin Trivedi,EQ-INFRA,2.35,5.03,5.02,5.26,3.73,-1.09,1.35,-6.95,-1.55,-1.86,Equity : Sectoral - Infrastructure
UTI Innovation Fund Reg(G),Ankit Agarwal,EQ-THEM,-1.65,1.8,-3.62,11.36,7.13,5.49,-0.87,-6.94,1.94,1.88,Equity : Thematic
UTI Large & Mid Cap Fund Reg(G),V. Srivatsa,EQ-L&M,1.54,5.19,1.11,8.53,6.08,2.58,1.68,-5.17,-0.51,-0.39,Equity : Large & Mid Cap
UTI Large Cap Fund Reg(G),Karthikraj Lakshmanan,EQ-LC,2,1.92,0.08,7.42,3.88,2.18,1.82,-7.34,0.34,-1.59,Equity : Large Cap
UTI Liquid Fund Reg(G),Amit Sharma,DT-LIQ,0.64,0.61,0.6,0.57,0.6,0.58,0.58,0.59,0.56,0.58,Debt : Liquid
UTI Long Duration Fund Reg(G),Sunil Patil,DT-LD,0.8,-0.91,1.95,0.86,0.79,1.03,1.5,-0.39,0.11,0.38,Debt : Long Duration
UTI Low Duration Fund Reg(G),Anurag Mittal,DT-LOWD,0.69,0.55,0.61,0.54,0.71,0.58,0.77,0.64,0.52,0.58,Debt : Low Duration
UTI Medium Duration Fund Reg(G),Ritesh Nambiar,DT-MD,0.63,0.08,0.96,0.43,0.85,0.7,1.04,0.29,0.54,0.52,Debt : Medium Duration
UTI Medium to Long Duration Fund Reg(G),Sunil Patil,DT-M&LD,0.68,-0.36,1.41,0.57,0.89,0.88,1.25,0.07,0.6,0.39,Debt : Medium to Long Duration
UTI Mid Cap Fund Reg(G),Ankit Agarwal,EQ-MID,-0.89,5.54,2.1,9.52,6.29,1.96,0.71,-6.39,0.97,-0.46,Equity : Mid Cap
UTI MNC Fund Reg(G),Karthikraj Lakshmanan,EQ-MNC,0.96,3.42,1.82,9.45,4.19,-0.56,3.15,-6.38,-1.42,-1.1,Equity : Thematic - MNC
UTI Money Market Fund Reg(G),Amit Sharma,DT-MM,0.74,0.6,0.62,0.56,0.69,0.56,0.66,0.62,0.56,0.61,Debt : Money Market
UTI Multi Asset Allocation Fund Reg(G),Sharwan Kumar Goyal,HY-MULTI,2.68,2.98,0.64,3.36,3.42,2.28,1.7,-3.74,-0.12,0.31,Hybrid : Multi Asset Allocation
UTI Nifty 10 yr Benchmark G Sec ETF,Jaydeep Bhowal,DT-ETF,1.12,-0.45,1.79,0.37,1.17,0.95,1.32,-0.12,0.89,0.52,Debt : ETFs
UTI Nifty 5 yr Benchmark G Sec ETF,Jaydeep Bhowal,DT-ETF,0.86,0.02,1.13,0.53,1.34,0.87,1.01,0.01,0.76,0.48,Debt : ETFs
UTI Nifty 50 ETF,Sharwan Kumar Goyal,EQ-ETF,1.56,1.24,0.02,6.74,3.98,1.35,2.27,-6.12,-0.26,-2.02,Equity : ETFs
UTI Nifty 50 Index Fund Reg(G),Sharwan Kumar Goyal,EQ-INDX,1.52,1.21,-0.01,6.71,3.96,1.33,2.25,-6.14,-0.28,-2.04,Equity : Index Funds
UTI Nifty 500 Value 50 Index Fund Reg(G),Sharwan Kumar Goyal,EQ-INDX,0.51,10.62,1.17,4.24,5.9,-0.93,0.53,-7.66,-0.67,-5.46,Equity : Index Funds
UTI Nifty Alpha Low Volatility 30 Index Fund Reg(G),Sharwan Kumar Goyal,EQ-INDX,-,-,-,-,-,-,-,-,-,-1.17,Equity : Index Funds
UTI Nifty Bank ETF,Sharwan Kumar Goyal,EQ-ETF,2.15,4.81,-0.32,6.92,-1.48,-0.16,3.15,-2.84,1.12,-2.31,Equity : ETFs
UTI Nifty IT ETF,Sharwan Kumar Goyal,EQ-ETF,-7.49,-4.88,-1.62,11.63,13.09,4.75,-1.99,-3.12,6.74,0.42,Equity : ETFs
UTI Nifty Midcap 150 ETF,Sharwan Kumar Goyal,EQ-ETF,-0.37,6.36,2.23,7.96,5.03,0.36,1.75,-6.44,0.19,1.11,Equity : ETFs
UTI Nifty Midcap 150 Index Fund Reg(G),Sharwan Kumar Goyal,EQ-INDX,-,-,-,-,-,-,-,-,-,1.22,Equity : Index Funds
UTI Nifty Midcap 150 Quality 50 Index Fund Reg(G),Sharwan Kumar Goyal,EQ-INDX,-1.91,5.43,5.33,8.56,4.39,0.18,1.58,-5.06,-0.35,-0.53,Equity : Index Funds
UTI Nifty Next 50 Index Fund Reg(G),Sharwan Kumar Goyal,EQ-INDX,2.76,6.99,4.04,5.91,4.55,0.73,2.3,-9.35,1.19,-3.79,Equity : Index Funds
UTI Nifty Private Bank Index Fund Reg(G),Sharwan Kumar Goyal,EQ-INDX,-,-,-,-,-,-,-,-4.9,0.35,-2.26,Equity : Index Funds
UTI Nifty SDL Plus AAA PSU Bond Apr 2026 75:25 Index Fund Reg(G),Sunil Patil,DT-MD,0.6,0.46,0.69,0.62,0.8,0.62,0.65,0.62,0.46,0.5,Debt : Medium Duration
UTI Nifty SDL Plus AAA PSU Bond Apr 2028 75:25 Index Fund Reg(G),Sunil Patil,DT-M&LD,0.63,0.23,0.92,0.65,1.03,0.76,0.88,0.49,0.48,0.45,Debt : Medium to Long Duration
UTI Nifty200 Momentum 30 Index Fund Reg(G),Sharwan Kumar Goyal,EQ-INDX,2.69,5.74,4.82,3.61,4.88,0.42,1.24,-8.22,-0.78,-3.91,Equity : Index Funds
UTI Nifty200 Quality 30 Index Fund Reg(G),Sharwan Kumar Goyal,EQ-INDX,-,-,-,-,-,-,-,-8.63,-0.13,-2.33,Equity : Index Funds
UTI NIFTY50 Equal Weight Index Fund Reg(G),Sharwan Kumar Goyal,EQ-INDX,1.43,1,0.22,6.24,5.56,1.8,2.6,-8.1,-2.45,-1.95,Equity : Index Funds
UTI Overnight Fund Reg(G),Ritesh Nambiar,DT-ON,0.56,0.54,0.55,0.53,0.54,0.54,0.53,0.53,0.52,0.55,Debt : Overnight
UTI Retirement Fund,V. Srivatsa,HY-SOL,1.02,1.53,1.11,3.62,2.75,1.52,1.49,-2.04,0.23,-0.06,Hybrid : Solution Oriented
UTI Short Duration Fund Reg(G),Sudhir Agarwal,DT-SD,0.69,0.29,0.74,0.48,0.79,0.61,0.95,0.51,0.52,0.53,Debt : Short Duration
UTI Silver ETF,Niranjan Das,GOLD-ETF,7.71,7.72,14.94,-4.79,-6.77,2.37,5.57,8.07,-7.99,-3.99,Gold : ETFs
UTI Silver ETF FoF Reg(G),Sharwan Kumar Goyal,FOF-DOM,6.96,8.33,15.78,-4.71,-5.25,0.4,5.91,7.15,-7.72,-3.45,FoFs : Domestic
UTI Small Cap Fund Reg(G),Ankit Agarwal,EQ-SML,-3.26,7.21,-0.17,11.65,6.82,1.17,1.89,-2.89,1.8,0.81,Equity : Small Cap
UTI Transportation & Logistics Fund Reg(G),Sachin Trivedi,EQ-AUTO,3.44,4.73,3.7,6.65,4.65,-0.89,2.42,-11.54,-0.54,-2.29,Equity : Sectoral - Auto
UTI ULIP(G),Sunil Patil,HY-DT(BA),0.77,0.57,1.02,3.82,2.12,1.85,2.22,-2.25,1.02,0.09,Hybrid : Debt Oriented (Balanced)
UTI Ultra Short Duration Fund Reg(G),Ritesh Nambiar,DT-USD,0.67,0.58,0.57,0.52,0.63,0.53,0.65,0.59,0.52,0.57,Debt : Ultra Short Duration
UTI Value Fund Reg(G),Amit Premchandani,EQ-VAL,0.66,4.65,2.58,9.1,5.13,2.77,2.54,-5.55,0.31,-2.2,Equity : Value / Contra
UTI Nifty Next 50 ETF,Sharwan Kumar Goyal,EQ-ETF,2.82,7.05,4.11,5.98,4.65,0.79,2.35,-9.3,1.24,-3.75,Equity : ETFs
WOC Arbitrage Fund Reg(G),Ramesh Mantri,HY-ARB,-,-,-,-,-,-,-,0.54,0.48,0.63,Hybrid : Arbitrage
WOC Balanced Advantage Fund Reg(G),Ramesh Mantri,HY-DYN,0.93,2.01,0.73,4.38,2.54,1.92,1.91,-2.43,1.37,-0.09,Hybrid : Dynamic Asset Allocation
WOC Balanced Hybrid Fund Reg(G),Ramesh Mantri,HY-DYN,0.97,1.89,0.56,4.13,2.66,1.93,1.98,-2.73,0.97,-0.23,Hybrid : Dynamic Asset Allocation
WOC Banking & Financial Services Fund Reg(G),Trupti Agrawal,EQ-FIN,-0.34,4.37,-1.46,8.03,1.24,1.31,4.47,-2.49,-0.41,0.6,Equity : Sectoral - Financial Services
WOC Digital Bharat Fund Reg(G),Ramesh Mantri,EQ-TECH,-,-,-,-,-,-,-,-,5.63,5.92,Equity : Sectoral - Technology
WOC ELSS Tax Saver Fund Reg(G),Ramesh Mantri,EQ-ELSS,0.26,4.45,0.67,7.65,3.87,2.41,3.33,-3.18,2.4,0.06,Equity : Tax Saving (ELSS)
WOC ESG Best In Class Strategy Fund Reg(G),Ramesh Mantri,EQ-THEM,-,-,-,-,-,-,-,-,1.92,-0.24,Equity : Thematic
WOC Flexi Cap Fund Reg(G),Ramesh Mantri,EQ-FLEX,0.35,3.59,0.08,7.43,4.03,2.3,3.33,-4.32,1.79,0.01,Equity : Flexi Cap
WOC Large & Mid Cap Fund Reg(G),Ramesh Mantri,EQ-L&M,1.39,3.35,1.04,7.56,3.88,2.02,2.47,-4.55,1.3,0.47,Equity : Large & Mid Cap
WOC Large Cap Fund Reg(G),Ramesh Mantri,EQ-LC,2.09,2.88,0.99,6.65,3.31,2.22,2.77,-5.01,1.28,-1.24,Equity : Large Cap
WOC Liquid Fund Reg(G),Piyush Baranwal,DT-LIQ,0.64,0.6,0.6,0.56,0.59,0.55,0.59,0.58,0.54,0.6,Debt : Liquid
WOC Mid Cap Fund Reg(G),Ramesh Mantri,EQ-MID,-1.39,5.34,0.3,9.33,5.77,1.95,2.69,-3.57,1.8,2.15,Equity : Mid Cap
WOC Multi Asset Allocation Fund Reg(G),Ramesh Mantri,HY-MULTI,2.47,2.43,1.01,2.71,0.91,1.95,2.54,0.08,0.5,0.08,Hybrid : Multi Asset Allocation
WOC Multi Cap Fund Reg(G),Ramesh Mantri,EQ-MLC,-0.25,4.41,0.35,7.66,4.59,2.02,3.27,-3.48,2.15,0.3,Equity : Multi Cap
WOC Pharma and Healthcare Fund Reg(G),Ramesh Mantri,EQ-PHRM,-2.26,2.01,-1.62,5.62,9.21,9.63,2.84,0.92,0.66,3.95,Equity : Sectoral - Pharma
WOC Special Opp Fund Reg(G),Dheeresh Pathak,EQ-THEM,-,-,-,-,4.12,3.47,4.93,-5.58,3.08,1.58,Equity : Thematic
WOC Ultra Short Duration Fund Reg(G),Piyush Baranwal,DT-USD,0.63,0.56,0.56,0.5,0.61,0.5,0.56,0.6,0.49,0.56,Debt : Ultra Short Duration
Zerodha Gold ETF,Shyam Agarwal,GOLD-ETF,7.74,6.57,0.78,-0.78,-3.45,3.68,4.55,5.33,-3.45,-0.65,Gold : ETFs
Zerodha Nifty 100 ETF,Kedarnath Mirajkar,EQ-ETF,-,-,-,-,4.14,1.14,2.33,-6.73,0.03,-2.23,Equity : ETFs
Zerodha Nifty 1D Rate Liquid ETF,Apurv Parikh,DT-ETF,0.54,0.51,0.53,0.51,0.52,0.5,0.52,0.52,0.49,0.55,Debt : ETFs
Zerodha Nifty Midcap 150 ETF,Kedarnath Mirajkar,EQ-ETF,-,-,-,-,5.07,0.4,1.79,-6.4,0.24,1.16,Equity : ETFs
